id;Adresse;Hausnummer;alte_1795_1821;‰ltere_1770_1795;Hausinhaber;Gassen und Pl‰tze;Grundobrigkeit;Vorstadt;Viertel;Latitude;Longitude;reference
0;Mariahilfer-Hauptstraﬂe 1;1;475;;K. K. Linienmauth Mariahilf;Mariahilfer-Hauptstraﬂe;Magistrat der Stadt Wien;Neubau;Schottenfeld;48.2041778;16.3466312;Behsel Stadtplan, WStLA, P1: 295/12G
1;Kaiserstraﬂe 2;2;457;;;Kaiserstraﬂe;Stift Schotten;Neubau;Schottenfeld;48.2041778;16.3462547;Behsel Stadtplan, WStLA, P1: 295/12G
2;Kaiserstraﬂe 3;3;456;449;;Kaiserstraﬂe;Stift Schotten;Neubau;Schottenfeld;48.2039408;16.3461142;Behsel Stadtplan, WStLA, P1: 295/12G
3;Kaiserstraﬂe 4;4;455;"447;448";;Kaiserstraﬂe;Stift Schotten;Neubau;Schottenfeld;48.2037595;16.3461292;Behsel Stadtplan, WStLA, P1: 295/12G
4;Kaiserstraﬂe 5;5;458;135;K. K. Salpeter-Magazin;Kaiserstraﬂe;Stift Schotten;Neubau;Schottenfeld;48.2035733;16.3461277;Behsel Stadtplan, WStLA, P1: 295/12G
5;Kaiserstraﬂe 6;6;471;;;Kaiserstraﬂe;Stift Schotten;Neubau;Schottenfeld;48.203402;16.3461262;Behsel Stadtplan, WStLA, P1: 295/12G
6;Kaiserstraﬂe 7;7;459;136;;Kaiserstraﬂe;Stift Schotten;Neubau;Schottenfeld;48.2032257;16.3461381;Behsel Stadtplan, WStLA, P1: 295/12G
7;Kaiserstraﬂe 8;8;454;446;;Kaiserstraﬂe;Stift Schotten;Neubau;Schottenfeld;48.2030574;16.3461307;Behsel Stadtplan, WStLA, P1: 295/12G
8;Kaiserstraﬂe 9;9;453;445;;Kaiserstraﬂe;Stift Schotten;Neubau;Schottenfeld;48.2028861;16.3461366;Behsel Stadtplan, WStLA, P1: 295/12G
9;Kaiserstraﬂe 10;10;452;444;;Kaiserstraﬂe;Stift Schotten;Neubau;Schottenfeld;48.2026312;16.3461202;Behsel Stadtplan, WStLA, P1: 295/12G
10;Kaiserstraﬂe 11;11;451;443;;Kaiserstraﬂe;Stift Schotten;Neubau;Schottenfeld;48.2024469;16.3461068;Behsel Stadtplan, WStLA, P1: 295/12G
11;Kaiserstraﬂe 12;12;450;442;;Kaiserstraﬂe;Stift Schotten;Neubau;Schottenfeld;48.2023284;16.3460993;Behsel Stadtplan, WStLA, P1: 295/12G
12;Kaiserstraﬂe 13;13;449;441;;Kaiserstraﬂe;Stift Schotten;Neubau;Schottenfeld;48.2021501;16.3460799;Behsel Stadtplan, WStLA, P1: 295/12G
13;Kaiserstraﬂe 14;14;448;440;;Kaiserstraﬂe;Stift Schotten;Neubau;Schottenfeld;48.201953;16.3460739;Behsel Stadtplan, WStLA, P1: 295/12G
14;Kaiserstraﬂe 29;29;434;418;;Kaiserstraﬂe;Stift Schotten;Neubau;Schottenfeld;48.2021501;16.3468329;Behsel Stadtplan, WStLA, P1: 295/12G
15;Kaiserstraﬂe 30;30;433;418;;Kaiserstraﬂe;Stift Schotten;Neubau;Schottenfeld;48.2023195;16.346821;Behsel Stadtplan, WStLA, P1: 295/12G
16;Kaiserstraﬂe 31;31;432;417;;Kaiserstraﬂe;Stift Schotten;Neubau;Schottenfeld;48.2024748;16.346818;Behsel Stadtplan, WStLA, P1: 295/12G
17;Kaiserstraﬂe 32;32;431;416;;Kaiserstraﬂe;Stift Schotten;Neubau;Schottenfeld;48.2027576;16.3470451;Behsel Stadtplan, WStLA, P1: 295/12G
18;Kaiserstraﬂe 33;33;430;"414;415";;Kaiserstraﬂe;Stift Schotten;Neubau;Schottenfeld;48.2026083;16.347066;Behsel Stadtplan, WStLA, P1: 295/12G
19;Kaiserstraﬂe 34;34;;;;Kaiserstraﬂe;Stift Schotten;Neubau;Schottenfeld;48.2024649;16.347069;Behsel Stadtplan, WStLA, P1: 295/12G
20;Kaiserstraﬂe 35;35;429;"412;413";;Kaiserstraﬂe;Stift Schotten;Neubau;Schottenfeld;48.2022896;16.347072;Behsel Stadtplan, WStLA, P1: 295/12G
21;Kaiserstraﬂe 36;36;428;"410;411";;Kaiserstraﬂe;Stift Schotten;Neubau;Schottenfeld;48.2021143;16.347081;Behsel Stadtplan, WStLA, P1: 295/12G
22;Kaiserstraﬂe 37;37;427;409;;Kaiserstraﬂe;Stift Schotten;Neubau;Schottenfeld;48.201937;16.347087;Behsel Stadtplan, WStLA, P1: 295/12G
23;Kaiserstraﬂe 38;38;426;408;;Kaiserstraﬂe;Stift Schotten;Neubau;Schottenfeld;48.2018613;16.3474187;Behsel Stadtplan, WStLA, P1: 295/12G
24;Kaiserstraﬂe 39;39;425;407;;Kaiserstraﬂe;Stift Schotten;Neubau;Schottenfeld;48.2018554;16.3476697;Behsel Stadtplan, WStLA, P1: 295/12G
25;Kaiserstraﬂe 15;15;447;439;;Kaiserstraﬂe;Stift Schotten;Neubau;Schottenfeld;48.2012847;16.3460769;Behsel Stadtplan, WStLA, P1: 295/12G
26;Kaiserstraﬂe 16;16;446;438;;Kaiserstraﬂe;Stift Schotten;Neubau;Schottenfeld;48.2011303;16.3460739;Behsel Stadtplan, WStLA, P1: 295/12G
27;Kaiserstraﬂe 17;17;445;437;;Kaiserstraﬂe;Stift Schotten;Neubau;Schottenfeld;48.200974;16.3460709;Behsel Stadtplan, WStLA, P1: 295/12G
28;Kaiserstraﬂe 18;18;444;"435;436";;Kaiserstraﬂe;Stift Schotten;Neubau;Schottenfeld;48.2008086;16.3460619;Behsel Stadtplan, WStLA, P1: 295/12G
29;Kaiserstraﬂe 19;19;443;434;;Kaiserstraﬂe;Stift Schotten;Neubau;Schottenfeld;48.2005696;16.3460694;Behsel Stadtplan, WStLA, P1: 295/12G
30;Kaiserstraﬂe 20;20;442;433;;Kaiserstraﬂe;Stift Schotten;Neubau;Schottenfeld;48.2004471;16.3464818;Behsel Stadtplan, WStLA, P1: 295/12G
31;Kaiserstraﬂe 21;21;441;"430;431;432";;Kaiserstraﬂe;Stift Schotten;Neubau;Schottenfeld;48.2004959;16.3468987;Behsel Stadtplan, WStLA, P1: 295/12G
32;Kaiserstraﬂe 22;22;440;429;;Kaiserstraﬂe;Stift Schotten;Neubau;Schottenfeld;48.2006314;16.3469002;Behsel Stadtplan, WStLA, P1: 295/12G
33;Kaiserstraﬂe 23;23;476;;;Kaiserstraﬂe;Stift Schotten;Neubau;Schottenfeld;48.2007937;16.3468942;Behsel Stadtplan, WStLA, P1: 295/12G
34;Kaiserstraﬂe 24;24;439;"427;428";;Kaiserstraﬂe;Stift Schotten;Neubau;Schottenfeld;48.200972;16.3468867;Behsel Stadtplan, WStLA, P1: 295/12G
35;Kaiserstraﬂe 25;25;438;"425;426";;Kaiserstraﬂe;Stift Schotten;Neubau;Schottenfeld;48.2011234;16.3468837;Behsel Stadtplan, WStLA, P1: 295/12G
36;Kaiserstraﬂe 26;26;437;"423;424";;Kaiserstraﬂe;Stift Schotten;Neubau;Schottenfeld;48.2012837;16.3468718;Behsel Stadtplan, WStLA, P1: 295/12G
37;Kaiserstraﬂe 27;27;436;"421;422";;Kaiserstraﬂe;Stift Schotten;Neubau;Schottenfeld;48.201449;16.3468673;Behsel Stadtplan, WStLA, P1: 295/12G
38;Kaiserstraﬂe 28;28;435;"419;420";;Kaiserstraﬂe;Stift Schotten;Neubau;Schottenfeld;48.2016422;16.3468658;Behsel Stadtplan, WStLA, P1: 295/12G
39;3 Lausergasse 470;470;465;;;3 Lausergasse;Stift Schotten;Neubau;Schottenfeld;48.2017189;16.3461889;Behsel Stadtplan, WStLA, P1: 295/12G
40;Kaiserstraﬂe 40;40;424;406;;Kaiserstraﬂe;Stift Schotten;Neubau;Schottenfeld;48.2016462;16.3471198;Behsel Stadtplan, WStLA, P1: 295/12G
41;Kaiserstraﬂe 41;41;423;405;;Kaiserstraﬂe;Stift Schotten;Neubau;Schottenfeld;48.20145;16.3471168;Behsel Stadtplan, WStLA, P1: 295/12G
42;Kaiserstraﬂe 42;42;422;404;;Kaiserstraﬂe;Stift Schotten;Neubau;Schottenfeld;48.2012827;16.3471273;Behsel Stadtplan, WStLA, P1: 295/12G
43;Kaiserstraﬂe 43;43;421;403;;Kaiserstraﬂe;Stift Schotten;Neubau;Schottenfeld;48.2011084;16.3471423;Behsel Stadtplan, WStLA, P1: 295/12G
44;Kaiserstraﬂe 44;44;420;402;;Kaiserstraﬂe;Stift Schotten;Neubau;Schottenfeld;48.2009321;16.3471378;Behsel Stadtplan, WStLA, P1: 295/12G
45;Kaiserstraﬂe 45;45;419;401;;Kaiserstraﬂe;Stift Schotten;Neubau;Schottenfeld;48.2007648;16.3471497;Behsel Stadtplan, WStLA, P1: 295/12G
46;Kaiserstraﬂe 46;46;418;400;;Kaiserstraﬂe;Stift Schotten;Neubau;Schottenfeld;48.2004949;16.3471677;Behsel Stadtplan, WStLA, P1: 295/12G
47;Kaiserstraﬂe 47;47;417;"398;399";;Kaiserstraﬂe;Stift Schotten;Neubau;Schottenfeld;48.2002997;16.3470302;Behsel Stadtplan, WStLA, P1: 295/12G
48;Kaiserstraﬂe 48;48;416;397;;Kaiserstraﬂe;Stift Schotten;Neubau;Schottenfeld;48.2002977;16.346821;Behsel Stadtplan, WStLA, P1: 295/12G
49;Kaiserstraﬂe 49;49;415;396;;Kaiserstraﬂe;Stift Schotten;Neubau;Schottenfeld;48.2002987;16.3465505;Behsel Stadtplan, WStLA, P1: 295/12G
50;Kaiserstraﬂe 50;50;414;395;;Kaiserstraﬂe;Stift Schotten;Neubau;Schottenfeld;48.2002997;16.346289;Behsel Stadtplan, WStLA, P1: 295/12G
51;Kaiserstraﬂe 51;51;413;394;;Kaiserstraﬂe;Stift Schotten;Neubau;Schottenfeld;48.2002937;16.3460246;Behsel Stadtplan, WStLA, P1: 295/12G
52;Kaiserstraﬂe 52;52;472;;;Kaiserstraﬂe;Stift Schotten;Neubau;Schottenfeld;48.2002997;16.3457601;Behsel Stadtplan, WStLA, P1: 295/12G
53;Kaiserstraﬂe 53;53;412;393;;Kaiserstraﬂe;Stift Schotten;Neubau;Schottenfeld;48.2003007;16.3453865;Behsel Stadtplan, WStLA, P1: 295/12G
54;Kaiserstraﬂe 54;54;411;392;;Kaiserstraﬂe;Stift Schotten;Neubau;Schottenfeld;48.2005245;16.3458312;Behsel Stadtplan, WStLA, P1: 295/12G
55;Kaiserstraﬂe 55;55;410;391;;Kaiserstraﬂe;Stift Schotten;Neubau;Schottenfeld;48.2007082;16.3458354;Behsel Stadtplan, WStLA, P1: 295/12G
56;#NV;;#NV;#NV;#NV;#NV;#NV;Neubau;Schottenfeld;48.2008937;16.345834;Behsel Stadtplan, WStLA, P1: 295/12G
57;Kaiserstraﬂe 57;57;408;389;;Kaiserstraﬂe;Stift Schotten;Neubau;Schottenfeld;48.2010755;16.3458312;Behsel Stadtplan, WStLA, P1: 295/12G
58;Kaiserstraﬂe 58;58;407;388;;Kaiserstraﬂe;Stift Schotten;Neubau;Schottenfeld;48.2012629;16.3458507;Behsel Stadtplan, WStLA, P1: 295/12G
59;Kaiserstraﬂe 59;59;;;;Kaiserstraﬂe;Stift Schotten;Neubau;Schottenfeld;48.2014419;16.3458507;Behsel Stadtplan, WStLA, P1: 295/12G
60;Kaiserstraﬂe 60;60;406;387;;Kaiserstraﬂe;Stift Schotten;Neubau;Schottenfeld;48.2016404;16.3458465;Behsel Stadtplan, WStLA, P1: 295/12G
61;Kaiserstraﬂe 61;61;405;379;;Kaiserstraﬂe;Stift Schotten;Neubau;Schottenfeld;48.2019604;16.3458549;Behsel Stadtplan, WStLA, P1: 295/12G
62;Kaiserstraﬂe 62;62;404;378;;Kaiserstraﬂe;Stift Schotten;Neubau;Schottenfeld;48.202145;16.3458702;Behsel Stadtplan, WStLA, P1: 295/12G
63;Kaiserstraﬂe 63;63;403;377;;Kaiserstraﬂe;Stift Schotten;Neubau;Schottenfeld;48.2023249;16.3458869;Behsel Stadtplan, WStLA, P1: 295/12G
64;Kaiserstraﬂe 64;64;402;376;;Kaiserstraﬂe;Stift Schotten;Neubau;Schottenfeld;48.2024529;16.3459119;Behsel Stadtplan, WStLA, P1: 295/12G
65;Kaiserstraﬂe 65;65;401;375;;Kaiserstraﬂe;Stift Schotten;Neubau;Schottenfeld;48.202644;16.3459231;Behsel Stadtplan, WStLA, P1: 295/12G
66;Kaiserstraﬂe 66;66;400;374;;Kaiserstraﬂe;Stift Schotten;Neubau;Schottenfeld;48.2028981;16.3459231;Behsel Stadtplan, WStLA, P1: 295/12G
67;Kaiserstraﬂe 67;67;399;373;;Kaiserstraﬂe;Stift Schotten;Neubau;Schottenfeld;48.2030846;16.3459259;Behsel Stadtplan, WStLA, P1: 295/12G
68;Kaiserstraﬂe 68;68;270;251;;Kaiserstraﬂe;Stift Schotten;Neubau;Schottenfeld;48.20322;16.3459328;Behsel Stadtplan, WStLA, P1: 295/12G
69;Stadelgasse 69;69;270;251;;Stadelgasse;Stift Schotten;Neubau;Schottenfeld;48.2033091;16.3459231;Behsel Stadtplan, WStLA, P1: 295/12G
70;Stadelgasse 70;70;270;251;;Stadelgasse;Stift Schotten;Neubau;Schottenfeld;48.2033916;16.34593;Behsel Stadtplan, WStLA, P1: 295/12G
71;Stadelgasse 71;71;269;250;;Stadelgasse;Stift Schotten;Neubau;Schottenfeld;48.2034908;16.3459286;Behsel Stadtplan, WStLA, P1: 295/12G
72;Stadelgasse 72;72;268;249;;Stadelgasse;Stift Schotten;Neubau;Schottenfeld;48.2035558;16.3459259;Behsel Stadtplan, WStLA, P1: 295/12G
73;Stadelgasse 73;73;267;248;;Stadelgasse;Stift Schotten;Neubau;Schottenfeld;48.2036569;16.3459245;Behsel Stadtplan, WStLA, P1: 295/12G
74;Stadelgasse 74;74;266;247;;Stadelgasse;Stift Schotten;Neubau;Schottenfeld;48.2037719;16.3459286;Behsel Stadtplan, WStLA, P1: 295/12G
75;Stadelgasse 75;75;265;246;;Stadelgasse;Stift Schotten;Neubau;Schottenfeld;48.2039537;16.3459119;Behsel Stadtplan, WStLA, P1: 295/12G
76;Stadelgasse 76;76;264;245;;Stadelgasse;Stift Schotten;Neubau;Schottenfeld;48.2041253;16.3459092;Behsel Stadtplan, WStLA, P1: 295/12G
77;Stadelgasse 77;77;312;290;;Stadelgasse;Stift Schotten;Neubau;Schottenfeld;48.2041429;16.3451437;Behsel Stadtplan, WStLA, P1: 295/12G
78;Stadelgasse 78;78;311;289;;Stadelgasse;Stift Schotten;Neubau;Schottenfeld;48.2063782;16.3448612;Behsel Stadtplan, WStLA, P1: 295/12G
79;Stadelgasse 79;79;310;289;;Stadelgasse;Stift Schotten;Neubau;Schottenfeld;48.2060573;16.3447833;Behsel Stadtplan, WStLA, P1: 295/12G
80;Stadelgasse 80;80;309;288;;Stadelgasse;Stift Schotten;Neubau;Schottenfeld;48.2058718;16.3447443;Behsel Stadtplan, WStLA, P1: 295/12G
81;Halbgasse 81;81;308;382;;Halbgasse;Stift Schotten;Neubau;Schottenfeld;48.2053988;16.3447527;Behsel Stadtplan, WStLA, P1: 295/12G
82;Halbgasse 82;82;307;287;;Halbgasse;Stift Schotten;Neubau;Schottenfeld;48.2052058;16.3447555;Behsel Stadtplan, WStLA, P1: 295/12G
83;Halbgasse 83;83;306;286;;Halbgasse;Stift Schotten;Neubau;Schottenfeld;48.2050315;16.3447777;Behsel Stadtplan, WStLA, P1: 295/12G
84;Halbgasse 84;84;305;285;;Halbgasse;Stift Schotten;Neubau;Schottenfeld;48.2048608;16.3447889;Behsel Stadtplan, WStLA, P1: 295/12G
85;Halbgasse 85;85;304;284;;Halbgasse;Stift Schotten;Neubau;Schottenfeld;48.2046419;16.3447916;Behsel Stadtplan, WStLA, P1: 295/12G
86;Halbgasse 86;86;303;283;;Halbgasse;Stift Schotten;Neubau;Schottenfeld;48.2044453;16.3448195;Behsel Stadtplan, WStLA, P1: 295/12G
87;Halbgasse 87;87;282;262;;Halbgasse;Stift Schotten;Neubau;Schottenfeld;48.2039574;16.3451757;Behsel Stadtplan, WStLA, P1: 295/12G
88;Halbgasse 88;88;281;261;;Halbgasse;Stift Schotten;Neubau;Schottenfeld;48.2040965;16.3448974;Behsel Stadtplan, WStLA, P1: 295/12G
89;Halbgasse 89;89;280;260;;Halbgasse;Stift Schotten;Neubau;Schottenfeld;48.2039166;16.3449113;Behsel Stadtplan, WStLA, P1: 295/12G
90;Halbgasse 90;90;279;259;;Halbgasse;Stift Schotten;Neubau;Schottenfeld;48.2037608;16.3449141;Behsel Stadtplan, WStLA, P1: 295/12G
91;Halbgasse 91;91;278;258;;Halbgasse;Stift Schotten;Neubau;Schottenfeld;48.2035753;16.3449252;Behsel Stadtplan, WStLA, P1: 295/12G
92;Halbgasse 92;92;277;386;;Halbgasse;Stift Schotten;Neubau;Schottenfeld;48.2034027;16.3449252;Behsel Stadtplan, WStLA, P1: 295/12G
93;Halbgasse 93;93;276;380;;Halbgasse;Stift Schotten;Neubau;Schottenfeld;48.2032488;16.3449225;Behsel Stadtplan, WStLA, P1: 295/12G
94;Stadelgasse 94;94;275;257;;Stadelgasse;Stift Schotten;Neubau;Schottenfeld;48.2030892;16.3449113;Behsel Stadtplan, WStLA, P1: 295/12G
95;Stadelgasse 95;95;274;256;;Stadelgasse;Stift Schotten;Neubau;Schottenfeld;48.2029186;16.3449169;Behsel Stadtplan, WStLA, P1: 295/12G
96;Stadelgasse 96;96;273;255;;Stadelgasse;Stift Schotten;Neubau;Schottenfeld;48.2026329;16.3449058;Behsel Stadtplan, WStLA, P1: 295/12G
97;Stadelgasse 97;97;272;254;;Stadelgasse;Stift Schotten;Neubau;Schottenfeld;48.2024288;16.3449058;Behsel Stadtplan, WStLA, P1: 295/12G
98;Stadelgasse 98;98;271;253;;Stadelgasse;Stift Schotten;Neubau;Schottenfeld;48.2022451;16.3449058;Behsel Stadtplan, WStLA, P1: 295/12G
99;Kaiserstraﬂe 99;99;398;373;;Kaiserstraﬂe;Stift Schotten;Neubau;Schottenfeld;48.2024492;16.3451646;Behsel Stadtplan, WStLA, P1: 295/12G
100;Kaiserstraﬂe 100;100;397;372;;Kaiserstraﬂe;Stift Schotten;Neubau;Schottenfeld;48.2021505;16.3451451;Behsel Stadtplan, WStLA, P1: 295/12G
101;Kaiserstraﬂe 101;101;396;372;;Kaiserstraﬂe;Stift Schotten;Neubau;Schottenfeld;48.2020133;16.3451229;Behsel Stadtplan, WStLA, P1: 295/12G
102;Kaiserstraﬂe 102;102;395;452;;Kaiserstraﬂe;Stift Schotten;Neubau;Schottenfeld;48.2016589;16.3451479;Behsel Stadtplan, WStLA, P1: 295/12G
103;Kaiserstraﬂe 103;103;394;371;;Kaiserstraﬂe;Stift Schotten;Neubau;Schottenfeld;48.2011673;16.345159;Behsel Stadtplan, WStLA, P1: 295/12G
104;Kaiserstraﬂe 104;104;393;370;;Kaiserstraﬂe;Stift Schotten;Neubau;Schottenfeld;48.2011005;16.3448863;Behsel Stadtplan, WStLA, P1: 295/12G
105;Fuhrmannsgasse 461;461;51;47;;Fuhrmannsgasse;Stift Schotten;Neubau;Schottenfeld;48.20144;16.3451535;Behsel Stadtplan, WStLA, P1: 295/12G
106;Rittergasse 105;105;287;267;;Rittergasse;Stift Schotten;Neubau;Schottenfeld;48.2009224;16.3449002;Behsel Stadtplan, WStLA, P1: 295/12G
107;Rittergasse 106;106;286;266;;Rittergasse;Stift Schotten;Neubau;Schottenfeld;48.200748;16.3448891;Behsel Stadtplan, WStLA, P1: 295/12G
108;Rittergasse 107;107;285;265;;Rittergasse;Stift Schotten;Neubau;Schottenfeld;48.200531;16.3448891;Behsel Stadtplan, WStLA, P1: 295/12G
109;Zieglergasse 473;473;128;114;;Zieglergasse;Stift Schotten;Neubau;Schottenfeld;48.2007128;16.345159;Behsel Stadtplan, WStLA, P1: 295/12G
110;Rittergasse 108;108;284;264;;Rittergasse;Stift Schotten;Neubau;Schottenfeld;48.2001655;16.3449002;Behsel Stadtplan, WStLA, P1: 295/12G
111;Rittergasse 109;109;283;263;;Rittergasse;Stift Schotten;Neubau;Schottenfeld;48.1998854;16.3449141;Behsel Stadtplan, WStLA, P1: 295/12G
112;Rittergasse 110;110;322;300;;Rittergasse;Stift Schotten;Neubau;Schottenfeld;48.1996739;16.3449141;Behsel Stadtplan, WStLA, P1: 295/12G
113;Rittergasse 111;111;321;299;;Rittergasse;Stift Schotten;Neubau;Schottenfeld;48.1994086;16.3449364;Behsel Stadtplan, WStLA, P1: 295/12G
114;Rittergasse 112;112;320;298;;Rittergasse;Stift Schotten;Neubau;Schottenfeld;48.1991711;16.3449559;Behsel Stadtplan, WStLA, P1: 295/12G
115;Rittergasse 113;113;325;297;;Rittergasse;Stift Schotten;Neubau;Schottenfeld;48.1989058;16.3450004;Behsel Stadtplan, WStLA, P1: 295/12G
116;Rittergasse 114;114;324;302;;Rittergasse;Stift Schotten;Neubau;Schottenfeld;48.1986572;16.3450533;Behsel Stadtplan, WStLA, P1: 295/12G
117;Rittergasse 115;115;323;301;;Rittergasse;Stift Schotten;Neubau;Schottenfeld;48.1983901;16.3451646;Behsel Stadtplan, WStLA, P1: 295/12G
118;Halbgasse 116;116;302;282;;Halbgasse;Stift Schotten;Neubau;Schottenfeld;48.1982064;16.3452481;Behsel Stadtplan, WStLA, P1: 295/12G
119;Halbgasse 117;117;301;281;;Halbgasse;Stift Schotten;Neubau;Schottenfeld;48.1980728;16.3453288;Behsel Stadtplan, WStLA, P1: 295/12G
120;Halbgasse 118;118;300;280;;Halbgasse;Stift Schotten;Neubau;Schottenfeld;48.1979244;16.3453984;Behsel Stadtplan, WStLA, P1: 295/12G
121;Halbgasse 119;119;299;279;;Halbgasse;Stift Schotten;Neubau;Schottenfeld;48.19775;16.3454903;Behsel Stadtplan, WStLA, P1: 295/12G
122;Halbgasse 120;120;298;278;;Halbgasse;Stift Schotten;Neubau;Schottenfeld;48.1997611;16.3452105;Behsel Stadtplan, WStLA, P1: 295/12G
123;Halbgasse 121;121;463;;;Halbgasse;Stift Schotten;Neubau;Schottenfeld;48.1995895;16.3452342;Behsel Stadtplan, WStLA, P1: 295/12G
124;Halbgasse 122;122;297;277;;Halbgasse;Stift Schotten;Neubau;Schottenfeld;48.1994401;16.3452412;Behsel Stadtplan, WStLA, P1: 295/12G
125;Halbgasse 123;123;296;276;;Halbgasse;Stift Schotten;Neubau;Schottenfeld;48.1994902;16.3458187;Behsel Stadtplan, WStLA, P1: 295/12G
126;Halbgasse 124;124;295;275;;Halbgasse;Stift Schotten;Neubau;Schottenfeld;48.199544;16.3461054;Behsel Stadtplan, WStLA, P1: 295/12G
127;Halbgasse 125;125;294;274;;Halbgasse;Stift Schotten;Neubau;Schottenfeld;48.1995913;16.3463712;Behsel Stadtplan, WStLA, P1: 295/12G
128;Rittergasse 126;126;"291;292;293";"271;272;273";;Rittergasse;Stift Schotten;Neubau;Schottenfeld;48.1991043;16.3452133;Behsel Stadtplan, WStLA, P1: 295/12G
129;Rittergasse 127;127;290;270;;Rittergasse;Stift Schotten;Neubau;Schottenfeld;48.1988724;16.3452495;Behsel Stadtplan, WStLA, P1: 295/12G
130;Rittergasse 128;128;289;269;;Rittergasse;Stift Schotten;Neubau;Schottenfeld;48.1987834;16.3452746;Behsel Stadtplan, WStLA, P1: 295/12G
131;Rittergasse 129;129;288;268;;Rittergasse;Stift Schotten;Neubau;Schottenfeld;48.1986628;16.3453358;Behsel Stadtplan, WStLA, P1: 295/12G
132;Kaiserstraﬂe 130;130;392;369;;Kaiserstraﬂe;Stift Schotten;Neubau;Schottenfeld;48.1984847;16.3454165;Behsel Stadtplan, WStLA, P1: 295/12G
133;Kaiserstraﬂe 131;131;391;368;;Kaiserstraﬂe;Stift Schotten;Neubau;Schottenfeld;48.1982732;16.3455251;Behsel Stadtplan, WStLA, P1: 295/12G
134;Kaiserstraﬂe 132;132;390;367;;Kaiserstraﬂe;Stift Schotten;Neubau;Schottenfeld;48.1979726;16.3456698;Behsel Stadtplan, WStLA, P1: 295/12G
135;Kaiserstraﬂe 133;133;389;367;;Kaiserstraﬂe;Stift Schotten;Neubau;Schottenfeld;48.1972806;16.3461708;Behsel Stadtplan, WStLA, P1: 295/12G
136;Kaiserstraﬂe 134;134;388;366;;Kaiserstraﬂe;Stift Schotten;Neubau;Schottenfeld;48.1971693;16.3457088;Behsel Stadtplan, WStLA, P1: 295/12G
137;Kaiserstraﬂe 135;135;387;365;;Kaiserstraﬂe;Stift Schotten;Neubau;Schottenfeld;48.1971266;16.3454388;Behsel Stadtplan, WStLA, P1: 295/12G
138;Kandelgasse 136;136;341;320;;Kandelgasse;Stift Schotten;Neubau;Schottenfeld;48.1970839;16.3451799;Behsel Stadtplan, WStLA, P1: 295/12G
139;Kandelgasse 137;137;340;"318;319";;Kandelgasse;Stift Schotten;Neubau;Schottenfeld;48.1970431;16.3449406;Behsel Stadtplan, WStLA, P1: 295/12G
140;Kandelgasse 138;138;339;317;;Kandelgasse;Stift Schotten;Neubau;Schottenfeld;48.1969986;16.3447067;Behsel Stadtplan, WStLA, P1: 295/12G
141;Kandelgasse 139;139;338;316;;Kandelgasse;Stift Schotten;Neubau;Schottenfeld;48.1969615;16.3444368;Behsel Stadtplan, WStLA, P1: 295/12G
142;Kandelgasse 140;140;337;315;;Kandelgasse;Stift Schotten;Neubau;Schottenfeld;48.1968836;16.3440081;Behsel Stadtplan, WStLA, P1: 295/12G
143;Kandelgasse 141;141;336;314;;Kandelgasse;Stift Schotten;Neubau;Schottenfeld;48.1968483;16.3438383;Behsel Stadtplan, WStLA, P1: 295/12G
144;Kandelgasse 142;142;335;313;;Kandelgasse;Stift Schotten;Neubau;Schottenfeld;48.1968242;16.3436519;Behsel Stadtplan, WStLA, P1: 295/12G
145;Kandelgasse 143;143;334;312;;Kandelgasse;Stift Schotten;Neubau;Schottenfeld;48.1967889;16.343418;Behsel Stadtplan, WStLA, P1: 295/12G
146;Kandelgasse 144;144;349;328;;Kandelgasse;Stift Schotten;Neubau;Schottenfeld;48.1967426;16.3431564;Behsel Stadtplan, WStLA, P1: 295/12G
147;Kandelgasse 145;145;467;;;Kandelgasse;Stift Schotten;Neubau;Schottenfeld;48.1966943;16.3429254;Behsel Stadtplan, WStLA, P1: 295/12G
148;Kandelgasse 146;146;348;327;;Kandelgasse;Stift Schotten;Neubau;Schottenfeld;48.1966461;16.3426638;Behsel Stadtplan, WStLA, P1: 295/12G
149;Kandelgasse 147;147;347;326;;Kandelgasse;Stift Schotten;Neubau;Schottenfeld;48.1966034;16.3424077;Behsel Stadtplan, WStLA, P1: 295/12G
150;Kandelgasse 148;148;346;325;;Kandelgasse;Stift Schotten;Neubau;Schottenfeld;48.1965607;16.3421266;Behsel Stadtplan, WStLA, P1: 295/12G
151;Kandelgasse 149;149;345;324;;Kandelgasse;Stift Schotten;Neubau;Schottenfeld;48.1968335;16.341659;Behsel Stadtplan, WStLA, P1: 295/12G
152;Kandelgasse 150;150;344;323;Gemeindehaus;Kandelgasse;Stift Schotten;Neubau;Schottenfeld;48.1970765;16.3416033;Behsel Stadtplan, WStLA, P1: 295/12G
153;Kandelgasse 151;151;343;322;;Kandelgasse;Stift Schotten;Neubau;Schottenfeld;48.1972936;16.341556;Behsel Stadtplan, WStLA, P1: 295/12G
154;Kandelgasse 152;152;342;321;;Kandelgasse;Stift Schotten;Neubau;Schottenfeld;48.1975255;16.3415031;Behsel Stadtplan, WStLA, P1: 295/12G
155;Kaiserstraﬂe 153;153;386;365;;Kaiserstraﬂe;Stift Schotten;Neubau;Schottenfeld;48.197776;16.3414474;Behsel Stadtplan, WStLA, P1: 295/12G
156;Kaiserstraﬂe 154;154;385;364;;Kaiserstraﬂe;Stift Schotten;Neubau;Schottenfeld;48.19793;16.3418928;Behsel Stadtplan, WStLA, P1: 295/12G
157;Kirchengasse 155;155;359;388;;Kirchengasse;Stift Schotten;Neubau;Schottenfeld;48.1979633;16.3421377;Behsel Stadtplan, WStLA, P1: 295/12G
158;Kirchengasse 156;156;358;337;;Kirchengasse;Stift Schotten;Neubau;Schottenfeld;48.1980079;16.3424049;Behsel Stadtplan, WStLA, P1: 295/12G
159;Kirchengasse 157;157;357;336;;Kirchengasse;Stift Schotten;Neubau;Schottenfeld;48.1980969;16.3429421;Behsel Stadtplan, WStLA, P1: 295/12G
160;Kirchengasse 158;158;356;335;;Kirchengasse;Stift Schotten;Neubau;Schottenfeld;48.1983214;16.34329;Behsel Stadtplan, WStLA, P1: 295/12G
161;Kirchengasse 159;159;"354;355";"333;334";;Kirchengasse;Stift Schotten;Neubau;Schottenfeld;48.1982806;16.3430312;Behsel Stadtplan, WStLA, P1: 295/12G
162;Kirchengasse 160;160;365;345;;Kirchengasse;Stift Schotten;Neubau;Schottenfeld;48.1982416;16.3427751;Behsel Stadtplan, WStLA, P1: 295/12G
163;Kirchengasse 161;161;364;344;;Kirchengasse;Stift Schotten;Neubau;Schottenfeld;48.1982008;16.3425469;Behsel Stadtplan, WStLA, P1: 295/12G
164;Kirchengasse 162;162;363;343;;Kirchengasse;Stift Schotten;Neubau;Schottenfeld;48.1981619;16.3423103;Behsel Stadtplan, WStLA, P1: 295/12G
165;Kirchengasse 163;163;362;342;;Kirchengasse;Stift Schotten;Neubau;Schottenfeld;48.1981229;16.3420514;Behsel Stadtplan, WStLA, P1: 295/12G
166;Kirchengasse 164;164;"360;361";"339;340;341";;Kirchengasse;Stift Schotten;Neubau;Schottenfeld;48.1980765;16.3417926;Behsel Stadtplan, WStLA, P1: 295/12G
167;Kaiserstraﬂe 165;165;384;364;;Kaiserstraﬂe;Stift Schotten;Neubau;Schottenfeld;48.198032;16.341517;Behsel Stadtplan, WStLA, P1: 295/12G
168;Kaiserstraﬂe 166;166;383;363;;Kaiserstraﬂe;Stift Schotten;Neubau;Schottenfeld;48.1985589;16.3412749;Behsel Stadtplan, WStLA, P1: 295/12G
169;Kaiserstraﬂe 167;167;382;362;;Kaiserstraﬂe;Stift Schotten;Neubau;Schottenfeld;48.1987036;16.3412526;Behsel Stadtplan, WStLA, P1: 295/12G
170;Kaiserstraﬂe 168;168;381;361;;Kaiserstraﬂe;Stift Schotten;Neubau;Schottenfeld;48.1988724;16.3412192;Behsel Stadtplan, WStLA, P1: 295/12G
171;Fuhrmannsgasse 169;169;380;360;;Fuhrmannsgasse;Stift Schotten;Neubau;Schottenfeld;48.1990227;16.3411997;Behsel Stadtplan, WStLA, P1: 295/12G
172;Fuhrmannsgasse 170;170;379;359;;Fuhrmannsgasse;Stift Schotten;Neubau;Schottenfeld;48.1991693;16.3411663;Behsel Stadtplan, WStLA, P1: 295/12G
173;Fuhrmannsgasse 171;171;378;358;;Fuhrmannsgasse;Stift Schotten;Neubau;Schottenfeld;48.1993492;16.3411329;Behsel Stadtplan, WStLA, P1: 295/12G
174;Fuhrmannsgasse 172;172;377;357;;Fuhrmannsgasse;Stift Schotten;Neubau;Schottenfeld;48.1995329;16.3410939;Behsel Stadtplan, WStLA, P1: 295/12G
175;Fuhrmannsgasse 173;173;376;356;;Fuhrmannsgasse;Stift Schotten;Neubau;Schottenfeld;48.199698;16.3410661;Behsel Stadtplan, WStLA, P1: 295/12G
176;Fuhrmannsgasse 174;174;375;355;;Fuhrmannsgasse;Stift Schotten;Neubau;Schottenfeld;48.1998742;16.3410411;Behsel Stadtplan, WStLA, P1: 295/12G
177;Fuhrmannsgasse 175;175;374;354;;Fuhrmannsgasse;Stift Schotten;Neubau;Schottenfeld;48.2001266;16.3409826;Behsel Stadtplan, WStLA, P1: 295/12G
178;Fuhrmannsgasse 176;176;182;169;;Fuhrmannsgasse;Stift Schotten;Neubau;Schottenfeld;48.2002583;16.3414168;Behsel Stadtplan, WStLA, P1: 295/12G
179;Fuhrmannsgasse 177;177;181;168;;Fuhrmannsgasse;Stift Schotten;Neubau;Schottenfeld;48.2002731;16.3416951;Behsel Stadtplan, WStLA, P1: 295/12G
180;Fuhrmannsgasse 178;178;180;167;;Fuhrmannsgasse;Stift Schotten;Neubau;Schottenfeld;48.2002713;16.3419623;Behsel Stadtplan, WStLA, P1: 295/12G
181;Fuhrmannsgasse 179;179;179;166;;Fuhrmannsgasse;Stift Schotten;Neubau;Schottenfeld;48.2002787;16.342224;Behsel Stadtplan, WStLA, P1: 295/12G
182;Fuhrmannsgasse 180;180;178;165;;Fuhrmannsgasse;Stift Schotten;Neubau;Schottenfeld;48.200288;16.3424856;Behsel Stadtplan, WStLA, P1: 295/12G
183;Fuhrmannsgasse 181;181;177;164;;Fuhrmannsgasse;Stift Schotten;Neubau;Schottenfeld;48.2002861;16.3427612;Behsel Stadtplan, WStLA, P1: 295/12G
184;Fuhrmannsgasse 182;182;176;163;;Fuhrmannsgasse;Stift Schotten;Neubau;Schottenfeld;48.2002861;16.3430534;Behsel Stadtplan, WStLA, P1: 295/12G
185;Fuhrmannsgasse 183;183;175;162;;Fuhrmannsgasse;Stift Schotten;Neubau;Schottenfeld;48.1998594;16.3431174;Behsel Stadtplan, WStLA, P1: 295/12G
186;Kaiserstraﬂe 184;184;174;161;;Kaiserstraﬂe;Stift Schotten;Neubau;Schottenfeld;48.1996442;16.3431202;Behsel Stadtplan, WStLA, P1: 295/12G
187;Kaiserstraﬂe 185;185;173;160;;Kaiserstraﬂe;Stift Schotten;Neubau;Schottenfeld;48.1994809;16.3431091;Behsel Stadtplan, WStLA, P1: 295/12G
188;Kaiserstraﬂe 186;186;172;159;;Kaiserstraﬂe;Stift Schotten;Neubau;Schottenfeld;48.1992843;16.3431063;Behsel Stadtplan, WStLA, P1: 295/12G
189;Kaiserstraﬂe 187;187;171;158;;Kaiserstraﬂe;Stift Schotten;Neubau;Schottenfeld;48.1991284;16.3430952;Behsel Stadtplan, WStLA, P1: 295/12G
190;Kaiserstraﬂe 188;188;170;157;;Kaiserstraﬂe;Stift Schotten;Neubau;Schottenfeld;48.1989392;16.3431286;Behsel Stadtplan, WStLA, P1: 295/12G
191;Kaiserstraﬂe 189;189;169;156;;Kaiserstraﬂe;Stift Schotten;Neubau;Schottenfeld;48.1986906;16.3432371;Behsel Stadtplan, WStLA, P1: 295/12G
192;Kaiserstraﬂe 190;190;168;155;;Kaiserstraﬂe;Stift Schotten;Neubau;Schottenfeld;48.1981229;16.3434904;Behsel Stadtplan, WStLA, P1: 295/12G
193;Kaiserstraﬂe 191;191;167;154;;Kaiserstraﬂe;Stift Schotten;Neubau;Schottenfeld;48.1979958;16.3435544;Behsel Stadtplan, WStLA, P1: 295/12G
194;Kaiserstraﬂe 192;192;166;153;;Kaiserstraﬂe;Stift Schotten;Neubau;Schottenfeld;48.1979077;16.3435976;Behsel Stadtplan, WStLA, P1: 295/12G
195;Zwerchgasse 193;193;165;152;;Zwerchgasse;Stift Schotten;Neubau;Schottenfeld;48.1977927;16.3436463;Behsel Stadtplan, WStLA, P1: 295/12G
196;Zwerchgasse 194;194;164;151;;Zwerchgasse;Stift Schotten;Neubau;Schottenfeld;48.1976507;16.3437103;Behsel Stadtplan, WStLA, P1: 295/12G
197;Zwerchgasse 195;195;163;150;;Zwerchgasse;Stift Schotten;Neubau;Schottenfeld;48.1974791;16.3438049;Behsel Stadtplan, WStLA, P1: 295/12G
198;Zwerchgasse 196;196;162;149;;Zwerchgasse;Stift Schotten;Neubau;Schottenfeld;48.1975051;16.3440582;Behsel Stadtplan, WStLA, P1: 295/12G
199;Zwerchgasse 197;197;161;148;;Zwerchgasse;Stift Schotten;Neubau;Schottenfeld;48.1975969;16.3439831;Behsel Stadtplan, WStLA, P1: 295/12G
200;Zwerchgasse 198;198;160;147;;Zwerchgasse;Stift Schotten;Neubau;Schottenfeld;48.197699;16.3439385;Behsel Stadtplan, WStLA, P1: 295/12G
201;Zwerchgasse 199;199;159;146;;Zwerchgasse;Stift Schotten;Neubau;Schottenfeld;48.1978233;16.3438898;Behsel Stadtplan, WStLA, P1: 295/12G
202;Zwerchgasse 200;200;158;145;;Zwerchgasse;Stift Schotten;Neubau;Schottenfeld;48.1979587;16.3438022;Behsel Stadtplan, WStLA, P1: 295/12G
203;Zwerchgasse 201;201;157;144;;Zwerchgasse;Stift Schotten;Neubau;Schottenfeld;48.1981183;16.3437312;Behsel Stadtplan, WStLA, P1: 295/12G
204;Zwerchgasse 202;202;156;143;;Zwerchgasse;Stift Schotten;Neubau;Schottenfeld;48.1984197;16.3435976;Behsel Stadtplan, WStLA, P1: 295/12G
205;Zwerchgasse 203;203;155;142;;Zwerchgasse;Stift Schotten;Neubau;Schottenfeld;48.1986665;16.3434946;Behsel Stadtplan, WStLA, P1: 295/12G
206;3 Lausergasse 468;468;124;459;;3 Lausergasse;Stift Schotten;Neubau;Schottenfeld;48.1989596;16.3433693;Behsel Stadtplan, WStLA, P1: 295/12G
207;3 Lausergasse 469;469;125;458;;3 Lausergasse;Stift Schotten;Neubau;Schottenfeld;48.1992166;16.343354;Behsel Stadtplan, WStLA, P1: 295/12G
208;Zwerchgasse 204;204;466;;;Zwerchgasse;Stift Schotten;Neubau;Schottenfeld;48.199429;16.3433359;Behsel Stadtplan, WStLA, P1: 295/12G
209;Zwerchgasse 205;205;154;141;;Zwerchgasse;Stift Schotten;Neubau;Schottenfeld;48.1995913;16.343354;Behsel Stadtplan, WStLA, P1: 295/12G
210;Zwerchgasse 206;206;153;140;;Zwerchgasse;Stift Schotten;Neubau;Schottenfeld;48.1997583;16.3433707;Behsel Stadtplan, WStLA, P1: 295/12G
211;Kaiserstraﬂe 207;207;152;139;;Kaiserstraﬂe;Stift Schotten;Neubau;Schottenfeld;48.2000514;16.3433986;Behsel Stadtplan, WStLA, P1: 295/12G
212;Kaiserstraﬂe 208;208;151;138;;Kaiserstraﬂe;Stift Schotten;Neubau;Schottenfeld;48.200224;16.3433833;Behsel Stadtplan, WStLA, P1: 295/12G
213;Kaiserstraﬂe 209;209;150;137;;Kaiserstraﬂe;Stift Schotten;Neubau;Schottenfeld;48.2002907;16.344036;Behsel Stadtplan, WStLA, P1: 295/12G
214;Kaiserstraﬂe 210;210;149;134;Spital zu St. Ulrich;Kaiserstraﬂe;Stift Schotten;Neubau;Schottenfeld;48.2004484;16.3440346;Behsel Stadtplan, WStLA, P1: 295/12G
215;Mariahilfer-Hauptstraﬂe 211;211;148;133;;Mariahilfer-Hauptstraﬂe;Stift Schotten;Neubau;Schottenfeld;48.2004447;16.3438133;Behsel Stadtplan, WStLA, P1: 295/12G
216;Mariahilfer-Hauptstraﬂe 212;212;147;132;;Mariahilfer-Hauptstraﬂe;Stift Schotten;Neubau;Schottenfeld;48.2005783;16.343361;Behsel Stadtplan, WStLA, P1: 295/12G
217;Mariahilfer-Hauptstraﬂe 213;213;146;131;;Mariahilfer-Hauptstraﬂe;Stift Schotten;Neubau;Schottenfeld;48.2007963;16.3433624;Behsel Stadtplan, WStLA, P1: 295/12G
218;Mariahilfer-Hauptstraﬂe 214;214;145;130;;Mariahilfer-Hauptstraﬂe;Stift Schotten;Neubau;Schottenfeld;48.2009753;16.3433624;Behsel Stadtplan, WStLA, P1: 295/12G
219;Mariahilfer-Hauptstraﬂe 215;215;144;129;;Mariahilfer-Hauptstraﬂe;Stift Schotten;Neubau;Schottenfeld;48.2011478;16.3433652;Behsel Stadtplan, WStLA, P1: 295/12G
220;Mariahilfer-Hauptstraﬂe 216;216;143;128;;Mariahilfer-Hauptstraﬂe;Stift Schotten;Neubau;Schottenfeld;48.201286;16.3433638;Behsel Stadtplan, WStLA, P1: 295/12G
221;Mariahilfer-Hauptstraﬂe 217;217;142;127;;Mariahilfer-Hauptstraﬂe;Stift Schotten;Neubau;Schottenfeld;48.2014076;16.3433666;Behsel Stadtplan, WStLA, P1: 295/12G
222;Mariahilfer-Hauptstraﬂe 218;218;141;126;;Mariahilfer-Hauptstraﬂe;Stift Schotten;Neubau;Schottenfeld;48.2016422;16.3433624;Behsel Stadtplan, WStLA, P1: 295/12G
223;Mariahilfer-Hauptstraﬂe 219;219;140;125;;Mariahilfer-Hauptstraﬂe;Stift Schotten;Neubau;Schottenfeld;48.201722;16.343798;Behsel Stadtplan, WStLA, P1: 295/12G
224;Feldgasse 220;220;195;181;;Feldgasse;Stift Schotten;Neubau;Schottenfeld;48.2017211;16.3441306;Behsel Stadtplan, WStLA, P1: 295/12G
225;Feldgasse 221;221;194;180;;Feldgasse;Stift Schotten;Neubau;Schottenfeld;48.2017118;16.3444785;Behsel Stadtplan, WStLA, P1: 295/12G
226;Feldgasse 222;222;193;179;;Feldgasse;Stift Schotten;Neubau;Schottenfeld;48.2019131;16.3448236;Behsel Stadtplan, WStLA, P1: 295/12G
227;Feldgasse 223;223;192;178;;Feldgasse;Stift Schotten;Neubau;Schottenfeld;48.2019159;16.3445244;Behsel Stadtplan, WStLA, P1: 295/12G
228;Feldgasse 224;224;191;177;;Feldgasse;Stift Schotten;Neubau;Schottenfeld;48.2019186;16.3442489;Behsel Stadtplan, WStLA, P1: 295/12G
229;Feldgasse 225;225;190;176;;Feldgasse;Stift Schotten;Neubau;Schottenfeld;48.2019233;16.3440012;Behsel Stadtplan, WStLA, P1: 295/12G
230;Feldgasse 226;226;189;453;;Feldgasse;Stift Schotten;Neubau;Schottenfeld;48.2019251;16.3437381;Behsel Stadtplan, WStLA, P1: 295/12G
231;Feldgasse 227;227;188;175;;Feldgasse;Stift Schotten;Neubau;Schottenfeld;48.2019233;16.3434668;Behsel Stadtplan, WStLA, P1: 295/12G
232;Feldgasse 228;228;187;174;;Feldgasse;Stift Schotten;Neubau;Schottenfeld;48.2024529;16.3433234;Behsel Stadtplan, WStLA, P1: 295/12G
233;Feldgasse 229;229;186;173;;Feldgasse;Stift Schotten;Neubau;Schottenfeld;48.2026366;16.3433318;Behsel Stadtplan, WStLA, P1: 295/12G
234;Feldgasse 230;230;185;172;Beyer et Winter;Feldgasse;Stift Schotten;Neubau;Schottenfeld;48.2027006;16.3439664;Behsel Stadtplan, WStLA, P1: 295/12G
235;Zieglergasse 464;464;120;118;;Zieglergasse;Stift Schotten;Neubau;Schottenfeld;48.2027136;16.3442238;Behsel Stadtplan, WStLA, P1: 295/12G
236;Feldgasse 231;231;"173;184";"170;171";;Feldgasse;Stift Schotten;Neubau;Schottenfeld;48.2028443;16.34399;Behsel Stadtplan, WStLA, P1: 295/12G
237;Feldgasse 232;232;373;353;;Feldgasse;Stift Schotten;Neubau;Schottenfeld;48.2029343;16.3433206;Behsel Stadtplan, WStLA, P1: 295/12G
238;Feldgasse 233;233;372;352;;Feldgasse;Stift Schotten;Neubau;Schottenfeld;48.2031115;16.3433165;Behsel Stadtplan, WStLA, P1: 295/12G
239;Feldgasse 234;234;371;351;;Feldgasse;Stift Schotten;Neubau;Schottenfeld;48.2032673;16.3433137;Behsel Stadtplan, WStLA, P1: 295/12G
240;Feldgasse 235;235;370;350;;Feldgasse;Stift Schotten;Neubau;Schottenfeld;48.2034528;16.3433095;Behsel Stadtplan, WStLA, P1: 295/12G
241;Feldgasse 236;236;369;349;;Feldgasse;Stift Schotten;Neubau;Schottenfeld;48.2036402;16.3433067;Behsel Stadtplan, WStLA, P1: 295/12G
242;Feldgasse 237;237;368;348;;Feldgasse;Stift Schotten;Neubau;Schottenfeld;48.2037979;16.3433011;Behsel Stadtplan, WStLA, P1: 295/12G
243;Feldgasse 238;238;367;347;;Feldgasse;Stift Schotten;Neubau;Schottenfeld;48.2039583;16.343297;Behsel Stadtplan, WStLA, P1: 295/12G
244;Feldgasse 239;239;366;346;;Feldgasse;Stift Schotten;Neubau;Schottenfeld;48.2041318;16.3432928;Behsel Stadtplan, WStLA, P1: 295/12G
245;Zieglergasse 474;474;129;115;;Zieglergasse;Stift Schotten;Neubau;Schottenfeld;48.2041911;16.3440471;Behsel Stadtplan, WStLA, P1: 295/12G
246;Feldgasse 240;240;353;332;;Feldgasse;Stift Schotten;Neubau;Schottenfeld;48.2043803;16.3441654;Behsel Stadtplan, WStLA, P1: 295/12G
247;Feldgasse 241;241;352;331;;Feldgasse;Stift Schotten;Neubau;Schottenfeld;48.204462;16.3432844;Behsel Stadtplan, WStLA, P1: 295/12G
248;Feldgasse 242;242;351;330;;Feldgasse;Stift Schotten;Neubau;Schottenfeld;48.2046568;16.3432747;Behsel Stadtplan, WStLA, P1: 295/12G
249;Feldgasse 243;243;350;329;;Feldgasse;Stift Schotten;Neubau;Schottenfeld;48.2048478;16.3432761;Behsel Stadtplan, WStLA, P1: 295/12G
250;Feldgasse 244;244;333;311;;Feldgasse;Stift Schotten;Neubau;Schottenfeld;48.2050574;16.3432664;Behsel Stadtplan, WStLA, P1: 295/12G
251;Feldgasse 245;245;332;310;;Feldgasse;Stift Schotten;Neubau;Schottenfeld;48.2052253;16.3432705;Behsel Stadtplan, WStLA, P1: 295/12G
252;Feldgasse 246;246;331;309;;Feldgasse;Stift Schotten;Neubau;Schottenfeld;48.2056956;16.3433846;Behsel Stadtplan, WStLA, P1: 295/12G
253;Feldgasse 247;247;330;308;;Feldgasse;Stift Schotten;Neubau;Schottenfeld;48.2056816;16.3436574;Behsel Stadtplan, WStLA, P1: 295/12G
254;Feldgasse 248;248;329;307;;Feldgasse;Stift Schotten;Neubau;Schottenfeld;48.2056705;16.3439274;Behsel Stadtplan, WStLA, P1: 295/12G
255;Feldgasse 249;249;328;306;;Feldgasse;Stift Schotten;Neubau;Schottenfeld;48.2056501;16.3441723;Behsel Stadtplan, WStLA, P1: 295/12G
256;Feldgasse 250;250;327;305;;Feldgasse;Stift Schotten;Neubau;Schottenfeld;48.2055574;16.3447429;Behsel Stadtplan, WStLA, P1: 295/12G
257;Feldgasse 251;251;326;304;;Feldgasse;Stift Schotten;Neubau;Schottenfeld;48.2058338;16.3438272;Behsel Stadtplan, WStLA, P1: 295/12G
258;Feldgasse 252;252;"318;319";"296;297";;Feldgasse;Stift Schotten;Neubau;Schottenfeld;48.2058412;16.3436101;Behsel Stadtplan, WStLA, P1: 295/12G
259;Feldgasse 253;253;317;295;;Feldgasse;Stift Schotten;Neubau;Schottenfeld;48.2059349;16.343265;Behsel Stadtplan, WStLA, P1: 295/12G
260;Feldgasse 254;254;316;294;;Feldgasse;Stift Schotten;Neubau;Schottenfeld;48.2067631;16.3433721;Behsel Stadtplan, WStLA, P1: 295/12G
261;Feldgasse 255;255;315;293;;Feldgasse;Stift Schotten;Neubau;Schottenfeld;48.2068994;16.3434041;Behsel Stadtplan, WStLA, P1: 295/12G
262;Feldgasse 256;256;314;292;;Feldgasse;Stift Schotten;Neubau;Schottenfeld;48.2071675;16.3434375;Behsel Stadtplan, WStLA, P1: 295/12G
263;Feldgasse 257;257;313;291;;Feldgasse;Stift Schotten;Neubau;Schottenfeld;48.2072547;16.343219;Behsel Stadtplan, WStLA, P1: 295/12G
264;Feldgasse 258;258;263;244;;Feldgasse;Stift Schotten;Neubau;Schottenfeld;48.2069894;16.3431815;Behsel Stadtplan, WStLA, P1: 295/12G
265;Feldgasse 259;259;262;243;;Feldgasse;Stift Schotten;Neubau;Schottenfeld;48.2067687;16.3431425;Behsel Stadtplan, WStLA, P1: 295/12G
266;Feldgasse 260;260;261;242;;Feldgasse;Stift Schotten;Neubau;Schottenfeld;48.2063791;16.3430952;Behsel Stadtplan, WStLA, P1: 295/12G
267;Feldgasse 261;261;260;241;;Feldgasse;Stift Schotten;Neubau;Schottenfeld;48.2062391;16.3430813;Behsel Stadtplan, WStLA, P1: 295/12G
268;Feldgasse 262;262;259;241;;Feldgasse;Stift Schotten;Neubau;Schottenfeld;48.2060833;16.3430618;Behsel Stadtplan, WStLA, P1: 295/12G
269;Feldgasse 263;263;258;240;;Feldgasse;Stift Schotten;Neubau;Schottenfeld;48.2059274;16.3430395;Behsel Stadtplan, WStLA, P1: 295/12G
270;Feldgasse 264;264;257;239;;Feldgasse;Stift Schotten;Neubau;Schottenfeld;48.2059376;16.3421781;Behsel Stadtplan, WStLA, P1: 295/12G
271;Feldgasse 265;265;256;238;;Feldgasse;Stift Schotten;Neubau;Schottenfeld;48.2059525;16.3419526;Behsel Stadtplan, WStLA, P1: 295/12G
272;Feldgasse 266;266;255;237;;Feldgasse;Stift Schotten;Neubau;Schottenfeld;48.205971;16.3417007;Behsel Stadtplan, WStLA, P1: 295/12G
273;Feldgasse 267;267;254;236;;Feldgasse;Stift Schotten;Neubau;Schottenfeld;48.2059886;16.3413695;Behsel Stadtplan, WStLA, P1: 295/12G
274;Feldgasse 268;268;253;235;;Feldgasse;Stift Schotten;Neubau;Schottenfeld;48.2060146;16.3410689;Behsel Stadtplan, WStLA, P1: 295/12G
275;Stadelgasse 269;269;252;234;;Stadelgasse;Stift Schotten;Neubau;Schottenfeld;48.2060313;16.3408337;Behsel Stadtplan, WStLA, P1: 295/12G
276;Stadelgasse 270;270;251;233;;Stadelgasse;Stift Schotten;Neubau;Schottenfeld;48.2060795;16.3401518;Behsel Stadtplan, WStLA, P1: 295/12G
277;Stadelgasse 271;271;250;232;;Stadelgasse;Stift Schotten;Neubau;Schottenfeld;48.2059219;16.3402088;Behsel Stadtplan, WStLA, P1: 295/12G
278;Stadelgasse 272;272;249;231;;Stadelgasse;Stift Schotten;Neubau;Schottenfeld;48.2059098;16.3403953;Behsel Stadtplan, WStLA, P1: 295/12G
279;Stadelgasse 273;273;248;230;;Stadelgasse;Stift Schotten;Neubau;Schottenfeld;48.2059033;16.3405915;Behsel Stadtplan, WStLA, P1: 295/12G
280;Stadelgasse 274;274;247;229;;Stadelgasse;Stift Schotten;Neubau;Schottenfeld;48.2058857;16.3408017;Behsel Stadtplan, WStLA, P1: 295/12G
281;Stadelgasse 275;275;246;228;;Stadelgasse;Stift Schotten;Neubau;Schottenfeld;48.2058662;16.3410327;Behsel Stadtplan, WStLA, P1: 295/12G
282;Feldgasse 276;276;246;228;;Feldgasse;Stift Schotten;Neubau;Schottenfeld;48.2058356;16.3413222;Behsel Stadtplan, WStLA, P1: 295/12G
283;Feldgasse 277;277;245;227;;Feldgasse;Stift Schotten;Neubau;Schottenfeld;48.2056501;16.3413375;Behsel Stadtplan, WStLA, P1: 295/12G
284;Feldgasse 278;278;244;226;;Feldgasse;Stift Schotten;Neubau;Schottenfeld;48.2054785;16.3413598;Behsel Stadtplan, WStLA, P1: 295/12G
285;Feldgasse 279;279;243;225;;Feldgasse;Stift Schotten;Neubau;Schottenfeld;48.2052995;16.3413723;Behsel Stadtplan, WStLA, P1: 295/12G
286;Feldgasse 280;280;242;224;;Feldgasse;Stift Schotten;Neubau;Schottenfeld;48.205153;16.3413834;Behsel Stadtplan, WStLA, P1: 295/12G
287;Feldgasse 281;281;241;223;;Feldgasse;Stift Schotten;Neubau;Schottenfeld;48.204999;16.3413959;Behsel Stadtplan, WStLA, P1: 295/12G
288;Rittergasse 282;282;240;222;;Rittergasse;Stift Schotten;Neubau;Schottenfeld;48.2048395;16.3414071;Behsel Stadtplan, WStLA, P1: 295/12G
289;Rittergasse 283;283;474;;;Rittergasse;Stift Schotten;Neubau;Schottenfeld;48.2043794;16.3413486;Behsel Stadtplan, WStLA, P1: 295/12G
290;Feldgasse 284;284;239;221;;Feldgasse;Stift Schotten;Neubau;Schottenfeld;48.2043757;16.3411134;Behsel Stadtplan, WStLA, P1: 295/12G
291;Feldgasse 285;285;238;220;;Feldgasse;Stift Schotten;Neubau;Schottenfeld;48.2043739;16.3407961;Behsel Stadtplan, WStLA, P1: 295/12G
292;Feldgasse 286;286;237;219;;Feldgasse;Stift Schotten;Neubau;Schottenfeld;48.2043748;16.3404774;Behsel Stadtplan, WStLA, P1: 295/12G
293;Feldgasse 287;287;236;218;;Feldgasse;Stift Schotten;Neubau;Schottenfeld;48.2043748;16.3402534;Behsel Stadtplan, WStLA, P1: 295/12G
294;Feldgasse 288;288;235;217;;Feldgasse;Stift Schotten;Neubau;Schottenfeld;48.204218;16.3402923;Behsel Stadtplan, WStLA, P1: 295/12G
295;Kirchengasse 298;298;226;207;;Kirchengasse;Stift Schotten;Neubau;Schottenfeld;48.2042134;16.3405651;Behsel Stadtplan, WStLA, P1: 295/12G
296;Feldgasse 290;290;233;215;;Feldgasse;Stift Schotten;Neubau;Schottenfeld;48.2042097;16.3408351;Behsel Stadtplan, WStLA, P1: 295/12G
297;Feldgasse 291;291;232;214;;Feldgasse;Stift Schotten;Neubau;Schottenfeld;48.2041865;16.341446;Behsel Stadtplan, WStLA, P1: 295/12G
298;Kandelgasse 292;292;231;"212;213";;Kandelgasse;Stift Schotten;Neubau;Schottenfeld;48.2040826;16.341453;Behsel Stadtplan, WStLA, P1: 295/12G
299;Kandelgasse 293;293;464;;;Kandelgasse;Stift Schotten;Neubau;Schottenfeld;48.2039574;16.3414683;Behsel Stadtplan, WStLA, P1: 295/12G
300;Kandelgasse 294;294;230;211;;Kandelgasse;Stift Schotten;Neubau;Schottenfeld;48.203835;16.3414753;Behsel Stadtplan, WStLA, P1: 295/12G
301;Kandelgasse 295;295;229;210;;Kandelgasse;Stift Schotten;Neubau;Schottenfeld;48.203681;16.3414864;Behsel Stadtplan, WStLA, P1: 295/12G
302;Feldgasse 296;296;228;209;;Feldgasse;Stift Schotten;Neubau;Schottenfeld;48.2035057;16.3415003;Behsel Stadtplan, WStLA, P1: 295/12G
303;Kirchengasse 297;297;227;208;;Kirchengasse;Stift Schotten;Neubau;Schottenfeld;48.2033369;16.3415226;Behsel Stadtplan, WStLA, P1: 295/12G
304;Kirchengasse 298;298;226;207;;Kirchengasse;Stift Schotten;Neubau;Schottenfeld;48.2032784;16.341748;Behsel Stadtplan, WStLA, P1: 295/12G
305;Zieglergasse 465;465;121;462;;Zieglergasse;Stift Schotten;Neubau;Schottenfeld;48.2031282;16.341755;Behsel Stadtplan, WStLA, P1: 295/12G
306;Kirchengasse 299;299;225;206;;Kirchengasse;Stift Schotten;Neubau;Schottenfeld;48.2034482;16.3417341;Behsel Stadtplan, WStLA, P1: 295/12G
307;Kirchengasse 300;300;224;205;;Kirchengasse;Stift Schotten;Neubau;Schottenfeld;48.2035864;16.3417244;Behsel Stadtplan, WStLA, P1: 295/12G
308;Kirchengasse 301;301;223;204;;Kirchengasse;Stift Schotten;Neubau;Schottenfeld;48.2037107;16.3417091;Behsel Stadtplan, WStLA, P1: 295/12G
309;Kirchengasse 302;302;222;203;;Kirchengasse;Stift Schotten;Neubau;Schottenfeld;48.2038396;16.3417007;Behsel Stadtplan, WStLA, P1: 295/12G
310;Kirchengasse 303;303;221;202;Pfarrhof;Kirchengasse;Stift Schotten;Neubau;Schottenfeld;48.2048404;16.3416144;Behsel Stadtplan, WStLA, P1: 295/12G
311;Kirchengasse 304;304;220;201;;Kirchengasse;Stift Schotten;Neubau;Schottenfeld;48.204973;16.341613;Behsel Stadtplan, WStLA, P1: 295/12G
312;Kirchengasse 305;305;219;200;;Kirchengasse;Stift Schotten;Neubau;Schottenfeld;48.2051168;16.3416089;Behsel Stadtplan, WStLA, P1: 295/12G
313;Kirchengasse 306;306;218;199;;Kirchengasse;Stift Schotten;Neubau;Schottenfeld;48.2052466;16.3415991;Behsel Stadtplan, WStLA, P1: 295/12G
314;Feldgasse 307;307;217;198;;Feldgasse;Stift Schotten;Neubau;Schottenfeld;48.2054034;16.3415936;Behsel Stadtplan, WStLA, P1: 295/12G
315;Feldgasse 308;308;216;197;;Feldgasse;Stift Schotten;Neubau;Schottenfeld;48.2055592;16.3415796;Behsel Stadtplan, WStLA, P1: 295/12G
316;Feldgasse 309;309;215;196;;Feldgasse;Stift Schotten;Neubau;Schottenfeld;48.2058106;16.3416617;Behsel Stadtplan, WStLA, P1: 295/12G
317;Feldgasse 310;310;214;195;;Feldgasse;Stift Schotten;Neubau;Schottenfeld;48.2057967;16.3419095;Behsel Stadtplan, WStLA, P1: 295/12G
318;Feldgasse 311;311;213;194;;Feldgasse;Stift Schotten;Neubau;Schottenfeld;48.2057837;16.3421447;Behsel Stadtplan, WStLA, P1: 295/12G
319;Fuhrmannsgasse 312;312;212;193;;Fuhrmannsgasse;Stift Schotten;Neubau;Schottenfeld;48.205766;16.3423924;Behsel Stadtplan, WStLA, P1: 295/12G
320;Fuhrmannsgasse 313;313;211;192;;Fuhrmannsgasse;Stift Schotten;Neubau;Schottenfeld;48.2056362;16.3430298;Behsel Stadtplan, WStLA, P1: 295/12G
321;Fuhrmannsgasse 314;314;210;191;;Fuhrmannsgasse;Stift Schotten;Neubau;Schottenfeld;48.2053672;16.3430312;Behsel Stadtplan, WStLA, P1: 295/12G
322;Fuhrmannsgasse 315;315;462;;;Fuhrmannsgasse;Stift Schotten;Neubau;Schottenfeld;48.205191;16.3430326;Behsel Stadtplan, WStLA, P1: 295/12G
323;Fuhrmannsgasse 316;316;209;190;;Fuhrmannsgasse;Stift Schotten;Neubau;Schottenfeld;48.2050055;16.3430367;Behsel Stadtplan, WStLA, P1: 295/12G
324;Fuhrmannsgasse 317;317;208;189;;Fuhrmannsgasse;Stift Schotten;Neubau;Schottenfeld;48.20482;16.3430395;Behsel Stadtplan, WStLA, P1: 295/12G
325;Feldgasse 318;318;"206;207";"455;456";;Feldgasse;Stift Schotten;Neubau;Schottenfeld;48.2045557;16.3430395;Behsel Stadtplan, WStLA, P1: 295/12G
326;Feldgasse 319;319;205;457;;Feldgasse;Stift Schotten;Neubau;Schottenfeld;48.2043813;16.3424703;Behsel Stadtplan, WStLA, P1: 295/12G
327;Feldgasse 320;320;204;285;;Feldgasse;Stift Schotten;Neubau;Schottenfeld;48.2043803;16.3421975;Behsel Stadtplan, WStLA, P1: 295/12G
328;Feldgasse 321;321;468;;;Feldgasse;Stift Schotten;Neubau;Schottenfeld;48.2043859;16.3419971;Behsel Stadtplan, WStLA, P1: 295/12G
329;Feldgasse 322;322;469;;;Feldgasse;Stift Schotten;Neubau;Schottenfeld;48.2043933;16.3417536;Behsel Stadtplan, WStLA, P1: 295/12G
330;Feldgasse 323;323;203;104;;Feldgasse;Stift Schotten;Neubau;Schottenfeld;48.2042227;16.3417466;Behsel Stadtplan, WStLA, P1: 295/12G
331;Feldgasse 324;324;202;188;;Feldgasse;Stift Schotten;Neubau;Schottenfeld;48.2042245;16.3419679;Behsel Stadtplan, WStLA, P1: 295/12G
332;Feldgasse 325;325;201;187;;Feldgasse;Stift Schotten;Neubau;Schottenfeld;48.2042199;16.342192;Behsel Stadtplan, WStLA, P1: 295/12G
333;Feldgasse 326;326;200;186;;Feldgasse;Stift Schotten;Neubau;Schottenfeld;48.2041299;16.3430576;Behsel Stadtplan, WStLA, P1: 295/12G
334;Feldgasse 327;327;199;185;;Feldgasse;Stift Schotten;Neubau;Schottenfeld;48.203949;16.3430604;Behsel Stadtplan, WStLA, P1: 295/12G
335;Feldgasse 328;328;198;184;;Feldgasse;Stift Schotten;Neubau;Schottenfeld;48.2037784;16.3430659;Behsel Stadtplan, WStLA, P1: 295/12G
336;Feldgasse 329;329;197;183;;Feldgasse;Stift Schotten;Neubau;Schottenfeld;48.2035811;16.3430756;Behsel Stadtplan, WStLA, P1: 295/12G
337;Feldgasse 330;330;196;182;;Feldgasse;Stift Schotten;Neubau;Schottenfeld;48.2034124;16.3430839;Behsel Stadtplan, WStLA, P1: 295/12G
338;Mariahilfer-Hauptstraﬂe 331;331;139;124;;Mariahilfer-Hauptstraﬂe;Stift Schotten;Neubau;Schottenfeld;48.203228;16.3430797;Behsel Stadtplan, WStLA, P1: 295/12G
339;Mariahilfer-Hauptstraﬂe 332;332;138;123;;Mariahilfer-Hauptstraﬂe;Stift Schotten;Neubau;Schottenfeld;48.2030713;16.343088;Behsel Stadtplan, WStLA, P1: 295/12G
340;Mariahilfer-Hauptstraﬂe 333;333;137;122;;Mariahilfer-Hauptstraﬂe;Stift Schotten;Neubau;Schottenfeld;48.2028482;16.3429289;Behsel Stadtplan, WStLA, P1: 295/12G
341;Mariahilfer-Hauptstraﬂe 334;334;136;121;;Mariahilfer-Hauptstraﬂe;Stift Schotten;Neubau;Schottenfeld;48.2028519;16.3425333;Behsel Stadtplan, WStLA, P1: 295/12G
342;Mariahilfer-Hauptstraﬂe 335;335;135;120;;Mariahilfer-Hauptstraﬂe;Stift Schotten;Neubau;Schottenfeld;48.2028519;16.3422525;Behsel Stadtplan, WStLA, P1: 295/12G
343;Zieglergasse 336;336;134;119;;Zieglergasse;Stift Schotten;Neubau;Schottenfeld;48.2028537;16.3420796;Behsel Stadtplan, WStLA, P1: 295/12G
344;Zieglergasse 337;337;119;110;;Zieglergasse;Stift Schotten;Neubau;Schottenfeld;48.2028556;16.3418542;Behsel Stadtplan, WStLA, P1: 295/12G
345;Zieglergasse 338;338;118;109;;Zieglergasse;Stift Schotten;Neubau;Schottenfeld;48.202862;16.3414627;Behsel Stadtplan, WStLA, P1: 295/12G
346;Zieglergasse 339;339;117;108;;Zieglergasse;Stift Schotten;Neubau;Schottenfeld;48.2028583;16.3411626;Behsel Stadtplan, WStLA, P1: 295/12G
347;Zieglergasse 340;340;116;107;;Zieglergasse;Stift Schotten;Neubau;Schottenfeld;48.2028574;16.3408555;Behsel Stadtplan, WStLA, P1: 295/12G
348;Zieglergasse 341;341;115;106;;Zieglergasse;Stift Schotten;Neubau;Schottenfeld;48.2028565;16.3405415;Behsel Stadtplan, WStLA, P1: 295/12G
349;Zieglergasse 342;342;114;105;;Zieglergasse;Stift Schotten;Neubau;Schottenfeld;48.2027256;16.3408085;Behsel Stadtplan, WStLA, P1: 295/12G
350;Zieglergasse 343;343;113;104;;Zieglergasse;Stift Schotten;Neubau;Schottenfeld;48.2027219;16.3410464;Behsel Stadtplan, WStLA, P1: 295/12G
351;Zieglergasse 344;344;112;464;;Zieglergasse;Stift Schotten;Neubau;Schottenfeld;48.2027237;16.3412774;Behsel Stadtplan, WStLA, P1: 295/12G
352;Zieglergasse 345;345;111;103;;Zieglergasse;Stift Schotten;Neubau;Schottenfeld;48.2027246;16.3415029;Behsel Stadtplan, WStLA, P1: 295/12G
353;Zieglergasse 346;346;110;102;;Zieglergasse;Stift Schotten;Neubau;Schottenfeld;48.2027173;16.3417325;Behsel Stadtplan, WStLA, P1: 295/12G
354;Zieglergasse 347;347;109;101;;Zieglergasse;Stift Schotten;Neubau;Schottenfeld;48.2027099;16.3419801;Behsel Stadtplan, WStLA, P1: 295/12G
355;Zieglergasse 348;348;108;100;;Zieglergasse;Stift Schotten;Neubau;Schottenfeld;48.2027173;16.3422235;Behsel Stadtplan, WStLA, P1: 295/12G
356;3 Lausergasse 467;467;123;111;;3 Lausergasse;Stift Schotten;Neubau;Schottenfeld;48.2027163;16.3425043;Behsel Stadtplan, WStLA, P1: 295/12G
357;Zieglergasse 349;349;107;99;;Zieglergasse;Stift Schotten;Neubau;Schottenfeld;48.2026444;16.3430908;Behsel Stadtplan, WStLA, P1: 295/12G
358;Zieglergasse 350;350;106;98;;Zieglergasse;Stift Schotten;Neubau;Schottenfeld;48.2024684;16.3430908;Behsel Stadtplan, WStLA, P1: 295/12G
359;Zieglergasse 351;351;105;97;;Zieglergasse;Stift Schotten;Neubau;Schottenfeld;48.2022923;16.3431005;Behsel Stadtplan, WStLA, P1: 295/12G
360;Zieglergasse 352;352;104;96;;Zieglergasse;Stift Schotten;Neubau;Schottenfeld;48.2021641;16.3431018;Behsel Stadtplan, WStLA, P1: 295/12G
361;Zieglergasse 353;353;98;93;;Zieglergasse;Stift Schotten;Neubau;Schottenfeld;48.2019816;16.3430991;Behsel Stadtplan, WStLA, P1: 295/12G
362;Zieglergasse 354;354;97;92;;Zieglergasse;Stift Schotten;Neubau;Schottenfeld;48.2019041;16.3425652;Behsel Stadtplan, WStLA, P1: 295/12G
363;Zieglergasse 355;355;96;91;;Zieglergasse;Stift Schotten;Neubau;Schottenfeld;48.2019069;16.3421447;Behsel Stadtplan, WStLA, P1: 295/12G
364;Zieglergasse 356;356;95;90;;Zieglergasse;Stift Schotten;Neubau;Schottenfeld;48.2019023;16.3417698;Behsel Stadtplan, WStLA, P1: 295/12G
365;Zieglergasse 357;357;94;89;;Zieglergasse;Stift Schotten;Neubau;Schottenfeld;48.2019023;16.3415236;Behsel Stadtplan, WStLA, P1: 295/12G
366;Zieglergasse 358;358;93;88;;Zieglergasse;Stift Schotten;Neubau;Schottenfeld;48.2019097;16.3412774;Behsel Stadtplan, WStLA, P1: 295/12G
367;Zieglergasse 359;359;92;87;;Zieglergasse;Stift Schotten;Neubau;Schottenfeld;48.2019097;16.3410561;Behsel Stadtplan, WStLA, P1: 295/12G
368;Zieglergasse 360;360;91;86;;Zieglergasse;Stift Schotten;Neubau;Schottenfeld;48.2017456;16.340785;Behsel Stadtplan, WStLA, P1: 295/12G
369;Zieglergasse 361;361;90;85;;Zieglergasse;Stift Schotten;Neubau;Schottenfeld;48.2017622;16.3411695;Behsel Stadtplan, WStLA, P1: 295/12G
370;Zieglergasse 362;362;89;84;;Zieglergasse;Stift Schotten;Neubau;Schottenfeld;48.2017603;16.3414129;Behsel Stadtplan, WStLA, P1: 295/12G
371;Zieglergasse 363;363;88;83;;Zieglergasse;Stift Schotten;Neubau;Schottenfeld;48.2017631;16.3416813;Behsel Stadtplan, WStLA, P1: 295/12G
372;Zieglergasse 364;364;86;82;;Zieglergasse;Stift Schotten;Neubau;Schottenfeld;48.2017631;16.3418736;Behsel Stadtplan, WStLA, P1: 295/12G
373;Zieglergasse 365;365;85;81;;Zieglergasse;Stift Schotten;Neubau;Schottenfeld;48.2017576;16.3421945;Behsel Stadtplan, WStLA, P1: 295/12G
374;Zieglergasse 366;366;84;80;;Zieglergasse;Stift Schotten;Neubau;Schottenfeld;48.2016773;16.3431226;Behsel Stadtplan, WStLA, P1: 295/12G
375;Zieglergasse 367;367;83;79;;Zieglergasse;Stift Schotten;Neubau;Schottenfeld;48.2014506;16.3431323;Behsel Stadtplan, WStLA, P1: 295/12G
376;Zieglergasse 368;368;82;78;;Zieglergasse;Stift Schotten;Neubau;Schottenfeld;48.201304;16.3431406;Behsel Stadtplan, WStLA, P1: 295/12G
377;Zieglergasse 369;369;81;77;;Zieglergasse;Stift Schotten;Neubau;Schottenfeld;48.2012035;16.343142;Behsel Stadtplan, WStLA, P1: 295/12G
378;Zieglergasse 370;370;80;76;;Zieglergasse;Stift Schotten;Neubau;Schottenfeld;48.2010716;16.3431378;Behsel Stadtplan, WStLA, P1: 295/12G
379;Zieglergasse 371;371;79;75;;Zieglergasse;Stift Schotten;Neubau;Schottenfeld;48.2008946;16.3431447;Behsel Stadtplan, WStLA, P1: 295/12G
380;Zieglergasse 372;372;78;74;;Zieglergasse;Stift Schotten;Neubau;Schottenfeld;48.2006955;16.3431447;Behsel Stadtplan, WStLA, P1: 295/12G
381;Zieglergasse 373;373;478;;;Zieglergasse;Stift Schotten;Neubau;Schottenfeld;48.2004429;16.3430036;Behsel Stadtplan, WStLA, P1: 295/12G
382;Zieglergasse 374;374;477;;;Zieglergasse;Stift Schotten;Neubau;Schottenfeld;48.2004337;16.342709;Behsel Stadtplan, WStLA, P1: 295/12G
383;Badgasse 375;375;;;;Badgasse;Stift Schotten;Neubau;Schottenfeld;48.2004373;16.3425154;Behsel Stadtplan, WStLA, P1: 295/12G
384;Badgasse 376;376;;;;Badgasse;Stift Schotten;Neubau;Schottenfeld;48.2004346;16.3422802;Behsel Stadtplan, WStLA, P1: 295/12G
385;Rittergasse 377;377;77;73;;Rittergasse;Stift Schotten;Neubau;Schottenfeld;48.2004291;16.3420423;Behsel Stadtplan, WStLA, P1: 295/12G
386;Zieglergasse 378;378;87;381;;Zieglergasse;Stift Schotten;Neubau;Schottenfeld;48.2004309;16.3417864;Behsel Stadtplan, WStLA, P1: 295/12G
387;Zieglergasse 379;379;479;;;Zieglergasse;Stift Schotten;Neubau;Schottenfeld;48.2004346;16.3414351;Behsel Stadtplan, WStLA, P1: 295/12G
388;Zieglergasse 380;380;99;384;;Zieglergasse;Stift Schotten;Neubau;Schottenfeld;48.2004254;16.3410367;Behsel Stadtplan, WStLA, P1: 295/12G
389;Zieglergasse 381;381;100;94;;Zieglergasse;Stift Schotten;Neubau;Schottenfeld;48.2008697;16.3408265;Behsel Stadtplan, WStLA, P1: 295/12G
390;Zieglergasse 382;382;101;461;;Zieglergasse;Stift Schotten;Neubau;Schottenfeld;48.2010292;16.3407919;Behsel Stadtplan, WStLA, P1: 295/12G
391;Zieglergasse 383;383;102;451;;Zieglergasse;Stift Schotten;Neubau;Schottenfeld;48.2011666;16.3407698;Behsel Stadtplan, WStLA, P1: 295/12G
392;Zieglergasse 384;384;461;;;Zieglergasse;Stift Schotten;Neubau;Schottenfeld;48.201327;16.340731;Behsel Stadtplan, WStLA, P1: 295/12G
393;Zieglergasse 385;385;103;95;;Zieglergasse;Stift Schotten;Neubau;Schottenfeld;48.2019816;16.340619;Behsel Stadtplan, WStLA, P1: 295/12G
394;Zieglergasse 386;386;473;;;Zieglergasse;Stift Schotten;Neubau;Schottenfeld;48.2026463;16.3404945;Behsel Stadtplan, WStLA, P1: 295/12G
395;Herrngasse 387;387;54;50;;Herrngasse;Stift Schotten;Neubau;Schottenfeld;48.2031874;16.3403852;Behsel Stadtplan, WStLA, P1: 295/12G
396;Herrngasse 388;388;55;51;;Herrngasse;Stift Schotten;Neubau;Schottenfeld;48.2033525;16.3403548;Behsel Stadtplan, WStLA, P1: 295/12G
397;Herrngasse 389;389;56;52;;Herrngasse;Stift Schotten;Neubau;Schottenfeld;48.2035267;16.3403216;Behsel Stadtplan, WStLA, P1: 295/12G
398;Herrngasse 390;390;57;53;;Herrngasse;Stift Schotten;Neubau;Schottenfeld;48.2036862;16.3402842;Behsel Stadtplan, WStLA, P1: 295/12G
399;Herrngasse 391;391;58;54;;Herrngasse;Stift Schotten;Neubau;Schottenfeld;48.2038346;16.3402773;Behsel Stadtplan, WStLA, P1: 295/12G
400;Herrngasse 392;392;59;55;;Herrngasse;Stift Schotten;Neubau;Schottenfeld;48.2040337;16.3402303;Behsel Stadtplan, WStLA, P1: 295/12G
401;Herrngasse 393;393;60;56;;Herrngasse;Stift Schotten;Neubau;Schottenfeld;48.2048201;16.3400809;Behsel Stadtplan, WStLA, P1: 295/12G
402;Herrngasse 394;394;61;57;;Herrngasse;Stift Schotten;Neubau;Schottenfeld;48.2050229;16.3400491;Behsel Stadtplan, WStLA, P1: 295/12G
403;Herrngasse 395;395;62;58;;Herrngasse;Stift Schotten;Neubau;Schottenfeld;48.2051787;16.3400159;Behsel Stadtplan, WStLA, P1: 295/12G
404;Herrngasse 396;396;63;59;;Herrngasse;Stift Schotten;Neubau;Schottenfeld;48.2053714;16.3399855;Behsel Stadtplan, WStLA, P1: 295/12G
405;Herrngasse 397;397;64;60;;Herrngasse;Stift Schotten;Neubau;Schottenfeld;48.2055133;16.3399578;Behsel Stadtplan, WStLA, P1: 295/12G
406;Herrngasse 398;398;65;61;;Herrngasse;Stift Schotten;Neubau;Schottenfeld;48.2058904;16.3398983;Behsel Stadtplan, WStLA, P1: 295/12G
407;Herrngasse 399;399;66;62;;Herrngasse;Stift Schotten;Neubau;Schottenfeld;48.2064628;16.3398859;Behsel Stadtplan, WStLA, P1: 295/12G
408;Herrngasse 400;400;67;63;;Herrngasse;Stift Schotten;Neubau;Schottenfeld;48.2066407;16.339742;Behsel Stadtplan, WStLA, P1: 295/12G
409;Zieglergasse 401;401;68;64;;Zieglergasse;Stift Schotten;Neubau;Schottenfeld;48.206944;16.3396839;Behsel Stadtplan, WStLA, P1: 295/12G
410;Herrngasse 402;402;69;65;;Herrngasse;Stift Schotten;Neubau;Schottenfeld;48.2071911;16.339666;Behsel Stadtplan, WStLA, P1: 295/12G
411;Herrngasse 403;403;70;66;;Herrngasse;Stift Schotten;Neubau;Schottenfeld;48.2073847;16.3396341;Behsel Stadtplan, WStLA, P1: 295/12G
412;Herrngasse 404;404;71;67;;Herrngasse;Stift Schotten;Neubau;Schottenfeld;48.2076077;16.3395954;Behsel Stadtplan, WStLA, P1: 295/12G
413;Herrngasse 405;405;72;68;;Herrngasse;Stift Schotten;Neubau;Schottenfeld;48.2078843;16.3395235;Behsel Stadtplan, WStLA, P1: 295/12G
414;Herrngasse 406;406;73;69;;Herrngasse;Stift Schotten;Neubau;Schottenfeld;48.2080788;16.3392344;Behsel Stadtplan, WStLA, P1: 295/12G
415;Herrngasse 407;407;74;70;;Herrngasse;Stift Schotten;Neubau;Schottenfeld;48.207286;16.3393976;Behsel Stadtplan, WStLA, P1: 295/12G
416;Herrngasse 408;408;75;71;;Herrngasse;Stift Schotten;Neubau;Schottenfeld;48.207156;16.3394322;Behsel Stadtplan, WStLA, P1: 295/12G
417;Herrngasse 409;409;76;72;;Herrngasse;Stift Schotten;Neubau;Schottenfeld;48.206979;16.3394626;Behsel Stadtplan, WStLA, P1: 295/12G
418;Langekellergasse 410;410;1;454;;Langekellergasse;Stift Schotten;Neubau;Schottenfeld;48.2068214;16.3394931;Behsel Stadtplan, WStLA, P1: 295/12G
419;Langekellergasse 411;411;2;1;Krammer et Teppich;Langekellergasse;Stift Schotten;Neubau;Schottenfeld;48.2066795;16.3395207;Behsel Stadtplan, WStLA, P1: 295/12G
420;Herrngasse 412;412;3;2;;Herrngasse;Stift Schotten;Neubau;Schottenfeld;48.2065587;16.3395304;Behsel Stadtplan, WStLA, P1: 295/12G
421;Zieglergasse 472;472;127;113;;Zieglergasse;Stift Schotten;Neubau;Schottenfeld;48.2063771;16.3395511;Behsel Stadtplan, WStLA, P1: 295/12G
422;Herrngasse 413;413;4;3;;Herrngasse;Stift Schotten;Neubau;Schottenfeld;48.2061549;16.3396051;Behsel Stadtplan, WStLA, P1: 295/12G
423;Herrngasse 414;414;5;4;;Herrngasse;Stift Schotten;Neubau;Schottenfeld;48.2060332;16.3396258;Behsel Stadtplan, WStLA, P1: 295/12G
424;Herrngasse 415;415;6;5;;Herrngasse;Stift Schotten;Neubau;Schottenfeld;48.2058673;16.3396521;Behsel Stadtplan, WStLA, P1: 295/12G
425;Herrngasse 416;416;7;6;;Herrngasse;Stift Schotten;Neubau;Schottenfeld;48.20573;16.3396743;Behsel Stadtplan, WStLA, P1: 295/12G
426;Herrngasse 417;417;8;7;;Herrngasse;Stift Schotten;Neubau;Schottenfeld;48.2055603;16.3396978;Behsel Stadtplan, WStLA, P1: 295/12G
427;Herrngasse 418;418;9;8;;Herrngasse;Stift Schotten;Neubau;Schottenfeld;48.2053419;16.3397406;Behsel Stadtplan, WStLA, P1: 295/12G
428;Herrngasse 419;419;10;9;;Herrngasse;Stift Schotten;Neubau;Schottenfeld;48.2051796;16.3397711;Behsel Stadtplan, WStLA, P1: 295/12G
429;Herrngasse 420;420;11;10;;Herrngasse;Stift Schotten;Neubau;Schottenfeld;48.2050662;16.3397904;Behsel Stadtplan, WStLA, P1: 295/12G
430;Herrngasse 421;421;12;11;;Herrngasse;Stift Schotten;Neubau;Schottenfeld;48.2049141;16.339825;Behsel Stadtplan, WStLA, P1: 295/12G
431;Herrngasse 422;422;13;12;;Herrngasse;Stift Schotten;Neubau;Schottenfeld;48.2047851;16.3398472;Behsel Stadtplan, WStLA, P1: 295/12G
432;Herrngasse 423;423;14;13;;Herrngasse;Stift Schotten;Neubau;Schottenfeld;48.204632;16.3398693;Behsel Stadtplan, WStLA, P1: 295/12G
433;Kirchengasse 424;424;470;;;Kirchengasse;Stift Schotten;Neubau;Schottenfeld;48.204467;16.3399052;Behsel Stadtplan, WStLA, P1: 295/12G
434;Herrngasse 425;425;15;383;;Herrngasse;Stift Schotten;Neubau;Schottenfeld;48.2042992;16.3399288;Behsel Stadtplan, WStLA, P1: 295/12G
435;Herrngasse 426;426;16;14;;Herrngasse;Stift Schotten;Neubau;Schottenfeld;48.2041296;16.3399578;Behsel Stadtplan, WStLA, P1: 295/12G
436;Herrngasse 427;427;17;15;;Herrngasse;Stift Schotten;Neubau;Schottenfeld;48.2038982;16.3400021;Behsel Stadtplan, WStLA, P1: 295/12G
437;Herrngasse 428;428;18;16;;Herrngasse;Stift Schotten;Neubau;Schottenfeld;48.2036456;16.3400491;Behsel Stadtplan, WStLA, P1: 295/12G
438;Fuhrmannsgasse 429;429;19;17;;Fuhrmannsgasse;Stift Schotten;Neubau;Schottenfeld;48.2034981;16.3400712;Behsel Stadtplan, WStLA, P1: 295/12G
439;Fuhrmannsgasse 430;430;20;18;;Fuhrmannsgasse;Stift Schotten;Neubau;Schottenfeld;48.2031459;16.3401307;Behsel Stadtplan, WStLA, P1: 295/12G
440;Rauchfangkehrergasse 431;431;21;19;;Rauchfangkehrergasse;Stift Schotten;Neubau;Schottenfeld;48.2029505;16.3401764;Behsel Stadtplan, WStLA, P1: 295/12G
441;Rauchfangkehrergasse 432;432;22;20;;Rauchfangkehrergasse;Stift Schotten;Neubau;Schottenfeld;48.2027938;16.340204;Behsel Stadtplan, WStLA, P1: 295/12G
442;Rauchfangkehrergasse 433;433;23;21;;Rauchfangkehrergasse;Stift Schotten;Neubau;Schottenfeld;48.2025449;16.3402455;Behsel Stadtplan, WStLA, P1: 295/12G
443;Rauchfangkehrergasse 434;434;24;22;;Rauchfangkehrergasse;Stift Schotten;Neubau;Schottenfeld;48.2022923;16.3402995;Behsel Stadtplan, WStLA, P1: 295/12G
444;Rauchfangkehrergasse 435;435;25;23;;Rauchfangkehrergasse;Stift Schotten;Neubau;Schottenfeld;48.2020913;16.3403313;Behsel Stadtplan, WStLA, P1: 295/12G
445;Rauchfangkehrergasse 436;436;26;24;;Rauchfangkehrergasse;Stift Schotten;Neubau;Schottenfeld;48.2018497;16.3403811;Behsel Stadtplan, WStLA, P1: 295/12G
446;Rauchfangkehrergasse 437;437;27;25;;Rauchfangkehrergasse;Stift Schotten;Neubau;Schottenfeld;48.2015916;16.3404295;Behsel Stadtplan, WStLA, P1: 295/12G
447;Rauchfangkehrergasse 438;438;28;26;;Rauchfangkehrergasse;Stift Schotten;Neubau;Schottenfeld;48.2013694;16.3404682;Behsel Stadtplan, WStLA, P1: 295/12G
448;Rauchfangkehrergasse 439;439;29;27;;Rauchfangkehrergasse;Stift Schotten;Neubau;Schottenfeld;48.2011758;16.3405125;Behsel Stadtplan, WStLA, P1: 295/12G
449;Zieglergasse 476;476;460;;;Zieglergasse;Stift Schotten;Neubau;Schottenfeld;48.2009767;16.3405443;Behsel Stadtplan, WStLA, P1: 295/12G
450;Rauchfangkehrergasse 440;440;30;"28;460";;Rauchfangkehrergasse;Stift Schotten;Neubau;Schottenfeld;48.2007674;16.3405886;Behsel Stadtplan, WStLA, P1: 295/12G
451;Rauchfangkehrergasse 441;441;31;29;;Rauchfangkehrergasse;Stift Schotten;Neubau;Schottenfeld;48.2004558;16.3406466;Behsel Stadtplan, WStLA, P1: 295/12G
452;Rauchfangkehrergasse 442;442;32;30;;Rauchfangkehrergasse;Stift Schotten;Neubau;Schottenfeld;48.200158;16.340713;Behsel Stadtplan, WStLA, P1: 295/12G
453;Rauchfangkehrergasse 443;443;33;31;;Rauchfangkehrergasse;Stift Schotten;Neubau;Schottenfeld;48.2000031;16.3407476;Behsel Stadtplan, WStLA, P1: 295/12G
454;Rauchfangkehrergasse 444;444;34;32;;Rauchfangkehrergasse;Stift Schotten;Neubau;Schottenfeld;48.199745;16.3407988;Behsel Stadtplan, WStLA, P1: 295/12G
455;Rauchfangkehrergasse 445;445;35;33;;Rauchfangkehrergasse;Stift Schotten;Neubau;Schottenfeld;48.1994831;16.34085;Behsel Stadtplan, WStLA, P1: 295/12G
456;Rauchfangkehrergasse 446;446;36;34;;Rauchfangkehrergasse;Stift Schotten;Neubau;Schottenfeld;48.199331;16.3408721;Behsel Stadtplan, WStLA, P1: 295/12G
457;Kirchengasse 447;447;37;35;;Kirchengasse;Stift Schotten;Neubau;Schottenfeld;48.1992148;16.340897;Behsel Stadtplan, WStLA, P1: 295/12G
458;Kirchengasse 448;448;38;36;;Kirchengasse;Stift Schotten;Neubau;Schottenfeld;48.199047;16.3409344;Behsel Stadtplan, WStLA, P1: 295/12G
459;Kirchengasse 449;449;39;460;;Kirchengasse;Stift Schotten;Neubau;Schottenfeld;48.1988599;16.3409689;Behsel Stadtplan, WStLA, P1: 295/12G
460;Rauchfangkehrergasse 450;450;40;36;;Rauchfangkehrergasse;Stift Schotten;Neubau;Schottenfeld;48.1986746;16.3410035;Behsel Stadtplan, WStLA, P1: 295/12G
461;Rauchfangkehrergasse 451;451;41;37;;Rauchfangkehrergasse;Stift Schotten;Neubau;Schottenfeld;48.1985224;16.3410229;Behsel Stadtplan, WStLA, P1: 295/12G
462;Rauchfangkehrergasse 452;452;42;38;;Rauchfangkehrergasse;Stift Schotten;Neubau;Schottenfeld;48.1983602;16.3410658;Behsel Stadtplan, WStLA, P1: 295/12G
463;Rauchfangkehrergasse 453;453;43;39;;Rauchfangkehrergasse;Stift Schotten;Neubau;Schottenfeld;48.1981859;16.341092;Behsel Stadtplan, WStLA, P1: 295/12G
464;Rauchfangkehrergasse 454;454;44;40;;Rauchfangkehrergasse;Stift Schotten;Neubau;Schottenfeld;48.1979351;16.3411584;Behsel Stadtplan, WStLA, P1: 295/12G
465;Rauchfangkehrergasse 455;455;45;41;;Rauchfangkehrergasse;Stift Schotten;Neubau;Schottenfeld;48.1969975;16.3413037;Behsel Stadtplan, WStLA, P1: 295/12G
466;Rauchfangkehrergasse 456;456;46;42;;Rauchfangkehrergasse;Stift Schotten;Neubau;Schottenfeld;48.1968426;16.3413604;Behsel Stadtplan, WStLA, P1: 295/12G
467;Fuhrmannsgasse 457;457;47;43;;Fuhrmannsgasse;Stift Schotten;Neubau;Schottenfeld;48.1966019;16.3414019;Behsel Stadtplan, WStLA, P1: 295/12G
468;Zieglergasse 475;475;130;116;;Zieglergasse;Stift Schotten;Neubau;Schottenfeld;48.1962995;16.3408984;Behsel Stadtplan, WStLA, P1: 295/12G
469;Fuhrmannsgasse 458;458;48;44;;Fuhrmannsgasse;Stift Schotten;Neubau;Schottenfeld;48.1968444;16.3400726;Behsel Stadtplan, WStLA, P1: 295/12G
470;Zieglergasse 471;471;126;112;;Zieglergasse;Stift Schotten;Neubau;Schottenfeld;48.1974695;16.3410049;Behsel Stadtplan, WStLA, P1: 295/12G
471;Fuhrmannsgasse 459;459;49;45;;Fuhrmannsgasse;Stift Schotten;Neubau;Schottenfeld;48.198303;16.3405014;Behsel Stadtplan, WStLA, P1: 295/12G
472;Zieglergasse 466;466;122;463;;Zieglergasse;Stift Schotten;Neubau;Schottenfeld;48.1980467;16.342709;Behsel Stadtplan, WStLA, P1: 295/12G
473;Zieglergasse 478;478;132;465;;Zieglergasse;Stift Schotten;Neubau;Schottenfeld;48.2065983;16.3449194;Behsel Stadtplan, WStLA, P1: 295/12G
474;Zieglergasse 477;477;131;117;;Zieglergasse;Stift Schotten;Neubau;Schottenfeld;48.2067606;16.3449719;Behsel Stadtplan, WStLA, P1: 295/12G
