id;Adresse;Hausnummer;alte_1795_1821;‰ltere_1770_1795;Hausinhaber;Gassen und Pl‰tze;Grundobrigkeit;Vorstadt;Latitude;Longitude;reference;Viertel
183;Am Glacis 1;1;;;K. K. Stallgeb‰ude;Am Glacis;Magistrat der Stadt Wien;Spittelberg, Mariahilf;48.2035512;16.3591632;Behsel Stadtplan, WStLA, P1: 295/11G;Spittelberg
184;Breitegasse 2;2;;;;Breitegasse;Magistrat der Stadt Wien;Spittelberg, Mariahilf;48.2044075;16.3566065;Behsel Stadtplan, WStLA, P1: 295/11G;Spittelberg
185;Breitegasse 3;3;;;;Breitegasse;Magistrat der Stadt Wien;Spittelberg, Mariahilf;48.2042711;16.3566682;Behsel Stadtplan, WStLA, P1: 295/11G;Spittelberg
186;Breitegasse 4;4;;;;Breitegasse;Magistrat der Stadt Wien;Spittelberg, Mariahilf;48.2041066;16.3567267;Behsel Stadtplan, WStLA, P1: 295/11G;Spittelberg
187;Breitegasse 5;5;;;;Breitegasse;Magistrat der Stadt Wien;Spittelberg, Mariahilf;48.2039604;16.3567917;Behsel Stadtplan, WStLA, P1: 295/11G;Spittelberg
188;Breitegasse 6;6;;;;Breitegasse;Magistrat der Stadt Wien;Spittelberg, Mariahilf;48.2038067;16.3568501;Behsel Stadtplan, WStLA, P1: 295/11G;Spittelberg
189;Breitegasse 7;7;;;;Breitegasse;Magistrat der Stadt Wien;Spittelberg, Mariahilf;48.2036432;16.3569232;Behsel Stadtplan, WStLA, P1: 295/11G;Spittelberg
190;Breitegasse 8;8;;;;Breitegasse;Magistrat der Stadt Wien;Spittelberg, Mariahilf;48.2034938;16.356985;Behsel Stadtplan, WStLA, P1: 295/11G;Spittelberg
191;Breitegasse 9;9;;;;Breitegasse;Magistrat der Stadt Wien;Spittelberg, Mariahilf;48.2033585;16.3570418;Behsel Stadtplan, WStLA, P1: 295/11G;Spittelberg
192;Breitegasse 10;10;;;;Breitegasse;Magistrat der Stadt Wien;Spittelberg, Mariahilf;48.2031939;16.3571035;Behsel Stadtplan, WStLA, P1: 295/11G;Spittelberg
193;Breitegasse 11;11;;;;Breitegasse;Magistrat der Stadt Wien;Spittelberg, Mariahilf;48.203037;16.357175;Behsel Stadtplan, WStLA, P1: 295/11G;Spittelberg
194;Stifgasse 12;12;;;;Stifgasse;Magistrat der Stadt Wien;Spittelberg, Mariahilf;48.2027652;16.3564457;Behsel Stadtplan, WStLA, P1: 295/11G;Spittelberg
195;Stifgasse 13;13;;;;Stifgasse;Magistrat der Stadt Wien;Spittelberg, Mariahilf;48.2028702;16.3568128;Behsel Stadtplan, WStLA, P1: 295/11G;Spittelberg
196;Breitegasse 14;14;;;;Breitegasse;Magistrat der Stadt Wien;Spittelberg, Mariahilf;48.2030294;16.3569005;Behsel Stadtplan, WStLA, P1: 295/11G;Spittelberg
197;Breitegasse 15;15;;;;Breitegasse;Magistrat der Stadt Wien;Spittelberg, Mariahilf;48.2031625;16.3568615;Behsel Stadtplan, WStLA, P1: 295/11G;Spittelberg
198;Breitegasse 16;16;;;;Breitegasse;Magistrat der Stadt Wien;Spittelberg, Mariahilf;48.2032892;16.3568063;Behsel Stadtplan, WStLA, P1: 295/11G;Spittelberg
199;Breitegasse 17;17;;;;Breitegasse;Magistrat der Stadt Wien;Spittelberg, Mariahilf;48.203457;16.356738;Behsel Stadtplan, WStLA, P1: 295/11G;Spittelberg
200;Breitegasse 18;18;;;;Breitegasse;Magistrat der Stadt Wien;Spittelberg, Mariahilf;48.2036053;16.3566828;Behsel Stadtplan, WStLA, P1: 295/11G;Spittelberg
201;Breitegasse 19;19;;;;Breitegasse;Magistrat der Stadt Wien;Spittelberg, Mariahilf;48.2038013;16.3565854;Behsel Stadtplan, WStLA, P1: 295/11G;Spittelberg
202;Breitegasse 20;20;;;;Breitegasse;Magistrat der Stadt Wien;Spittelberg, Mariahilf;48.2039355;16.3565318;Behsel Stadtplan, WStLA, P1: 295/11G;Spittelberg
203;Breitegasse 21;21;;;;Breitegasse;Magistrat der Stadt Wien;Spittelberg, Mariahilf;48.2040102;16.3564993;Behsel Stadtplan, WStLA, P1: 295/11G;Spittelberg
204;Breitegasse 22;22;;;;Breitegasse;Magistrat der Stadt Wien;Spittelberg, Mariahilf;48.2041022;16.3564587;Behsel Stadtplan, WStLA, P1: 295/11G;Spittelberg
205;Breitegasse 23;23;;;;Breitegasse;Magistrat der Stadt Wien;Spittelberg, Mariahilf;48.204191;16.3564294;Behsel Stadtplan, WStLA, P1: 295/11G;Spittelberg
206;Fleischhauergasse 24;24;;;;Fleischhauergasse;Magistrat der Stadt Wien;Spittelberg, Mariahilf;48.2040286;16.356111;Behsel Stadtplan, WStLA, P1: 295/11G;Spittelberg
207;Fleischhauergasse 25;25;;;;Fleischhauergasse;Magistrat der Stadt Wien;Spittelberg, Mariahilf;48.2040362;16.3561549;Behsel Stadtplan, WStLA, P1: 295/11G;Spittelberg
208;Fleischhauergasse 26;26;;;;Fleischhauergasse;Magistrat der Stadt Wien;Spittelberg, Mariahilf;48.2042809;16.3562183;Behsel Stadtplan, WStLA, P1: 295/11G;Spittelberg
209;Breitegasse 27;27;;;;Breitegasse;Magistrat der Stadt Wien;Spittelberg, Mariahilf;48.2043534;16.3563515;Behsel Stadtplan, WStLA, P1: 295/11G;Spittelberg
210;Burggasse 28;28;;;;Burggasse;Magistrat der Stadt Wien;Spittelberg, Mariahilf;48.2043664;16.3562085;Behsel Stadtplan, WStLA, P1: 295/11G;Spittelberg
211;Burggasse 29;29;;;;Burggasse;Magistrat der Stadt Wien;Spittelberg, Mariahilf;48.2043469;16.3560948;Behsel Stadtplan, WStLA, P1: 295/11G;Spittelberg
212;Burggasse 30;30;;;;Burggasse;Magistrat der Stadt Wien;Spittelberg, Mariahilf;48.2043318;16.3559843;Behsel Stadtplan, WStLA, P1: 295/11G;Spittelberg
213;Burggasse 31;31;;;;Burggasse;Magistrat der Stadt Wien;Spittelberg, Mariahilf;48.2043144;16.3558414;Behsel Stadtplan, WStLA, P1: 295/11G;Spittelberg
214;Kochgasse 32;32;;;;Kochgasse;Magistrat der Stadt Wien;Spittelberg, Mariahilf;48.2041412;16.3560818;Behsel Stadtplan, WStLA, P1: 295/11G;Spittelberg
215;Kochgasse 33;33;;;;Kochgasse;Magistrat der Stadt Wien;Spittelberg, Mariahilf;48.2040016;16.3558658;Behsel Stadtplan, WStLA, P1: 295/11G;Spittelberg
216;Kochgasse 34;34;;;;Kochgasse;Magistrat der Stadt Wien;Spittelberg, Mariahilf;48.203025;16.356176;Behsel Stadtplan, WStLA, P1: 295/11G;Spittelberg
217;Kochgasse 35;35;;;;Kochgasse;Magistrat der Stadt Wien;Spittelberg, Mariahilf;48.2028962;16.3562199;Behsel Stadtplan, WStLA, P1: 295/11G;Spittelberg
218;Kochgasse 36;36;;;;Kochgasse;Magistrat der Stadt Wien;Spittelberg, Mariahilf;48.2027685;16.3562654;Behsel Stadtplan, WStLA, P1: 295/11G;Spittelberg
219;Kochgasse 37;37;;;;Kochgasse;Magistrat der Stadt Wien;Spittelberg, Mariahilf;48.2027003;16.3561045;Behsel Stadtplan, WStLA, P1: 295/11G;Spittelberg
220;Kochgasse 38;38;;;;Kochgasse;Magistrat der Stadt Wien;Spittelberg, Mariahilf;48.2027587;16.3560899;Behsel Stadtplan, WStLA, P1: 295/11G;Spittelberg
221;Kochgasse 39;39;;;;Kochgasse;Magistrat der Stadt Wien;Spittelberg, Mariahilf;48.2028388;16.3560672;Behsel Stadtplan, WStLA, P1: 295/11G;Spittelberg
222;Kochgasse 40;40;;;;Kochgasse;Magistrat der Stadt Wien;Spittelberg, Mariahilf;48.2029655;16.3560233;Behsel Stadtplan, WStLA, P1: 295/11G;Spittelberg
223;Kochgasse 41;41;;;;Kochgasse;Magistrat der Stadt Wien;Spittelberg, Mariahilf;48.2031376;16.355973;Behsel Stadtplan, WStLA, P1: 295/11G;Spittelberg
224;Kochgasse 42;42;;;;Kochgasse;Magistrat der Stadt Wien;Spittelberg, Mariahilf;48.2033455;16.3559096;Behsel Stadtplan, WStLA, P1: 295/11G;Spittelberg
225;Kochgasse 43;43;;;;Kochgasse;Magistrat der Stadt Wien;Spittelberg, Mariahilf;48.2034646;16.3558723;Behsel Stadtplan, WStLA, P1: 295/11G;Spittelberg
226;Kochgasse 44;44;;;;Kochgasse;Magistrat der Stadt Wien;Spittelberg, Mariahilf;48.2035858;16.3558447;Behsel Stadtplan, WStLA, P1: 295/11G;Spittelberg
227;Kochgasse 45;45;;;;Kochgasse;Magistrat der Stadt Wien;Spittelberg, Mariahilf;48.2036584;16.3558268;Behsel Stadtplan, WStLA, P1: 295/11G;Spittelberg
228;Kochgasse 46;46;;;;Kochgasse;Magistrat der Stadt Wien;Spittelberg, Mariahilf;48.2037623;16.3557829;Behsel Stadtplan, WStLA, P1: 295/11G;Spittelberg
229;Kochgasse 47;47;;;;Kochgasse;Magistrat der Stadt Wien;Spittelberg, Mariahilf;48.2038998;16.3557602;Behsel Stadtplan, WStLA, P1: 295/11G;Spittelberg
230;Kochgasse 48;48;;;;Kochgasse;Magistrat der Stadt Wien;Spittelberg, Mariahilf;48.2039962;16.3557326;Behsel Stadtplan, WStLA, P1: 295/11G;Spittelberg
231;Kochgasse 49;49;;;;Kochgasse;Magistrat der Stadt Wien;Spittelberg, Mariahilf;48.2040579;16.3557131;Behsel Stadtplan, WStLA, P1: 295/11G;Spittelberg
232;Burggasse 50;50;;;;Burggasse;Magistrat der Stadt Wien;Spittelberg, Mariahilf;48.2041618;16.3556822;Behsel Stadtplan, WStLA, P1: 295/11G;Spittelberg
233;Burggasse 51;51;;;;Burggasse;Magistrat der Stadt Wien;Spittelberg, Mariahilf;48.2041423;16.3555312;Behsel Stadtplan, WStLA, P1: 295/11G;Spittelberg
234;Johannesgasse 52;52;;;;Johannesgasse;Magistrat der Stadt Wien;Spittelberg, Mariahilf;48.2038857;16.355614;Behsel Stadtplan, WStLA, P1: 295/11G;Spittelberg
235;Johannesgasse 53;53;;;;Johannesgasse;Magistrat der Stadt Wien;Spittelberg, Mariahilf;48.2035653;16.3556936;Behsel Stadtplan, WStLA, P1: 295/11G;Spittelberg
236;Johannesgasse 54;54;;;;Johannesgasse;Magistrat der Stadt Wien;Spittelberg, Mariahilf;48.2034635;16.3557115;Behsel Stadtplan, WStLA, P1: 295/11G;Spittelberg
237;Johannesgasse 55;55;;;;Johannesgasse;Magistrat der Stadt Wien;Spittelberg, Mariahilf;48.203195;16.3557894;Behsel Stadtplan, WStLA, P1: 295/11G;Spittelberg
238;Johannesgasse 56;56;;;;Johannesgasse;Magistrat der Stadt Wien;Spittelberg, Mariahilf;48.2030413;16.3558089;Behsel Stadtplan, WStLA, P1: 295/11G;Spittelberg
239;Johannesgasse 57;57;;;;Johannesgasse;Magistrat der Stadt Wien;Spittelberg, Mariahilf;48.2027046;16.3559064;Behsel Stadtplan, WStLA, P1: 295/11G;Spittelberg
240;Johannesgasse 58;58;;;;Johannesgasse;Magistrat der Stadt Wien;Spittelberg, Mariahilf;48.2027923;16.3557423;Behsel Stadtplan, WStLA, P1: 295/11G;Spittelberg
241;Johannesgasse 59;59;;;;Johannesgasse;Magistrat der Stadt Wien;Spittelberg, Mariahilf;48.2028746;16.3557228;Behsel Stadtplan, WStLA, P1: 295/11G;Spittelberg
242;Johannesgasse 60;60;;;;Johannesgasse;Magistrat der Stadt Wien;Spittelberg, Mariahilf;48.2030575;16.3556708;Behsel Stadtplan, WStLA, P1: 295/11G;Spittelberg
243;Johannesgasse 61;61;;;;Johannesgasse;Magistrat der Stadt Wien;Spittelberg, Mariahilf;48.2032892;16.3556302;Behsel Stadtplan, WStLA, P1: 295/11G;Spittelberg
244;Johannesgasse 62;62;;;;Johannesgasse;Magistrat der Stadt Wien;Spittelberg, Mariahilf;48.2034797;16.3555734;Behsel Stadtplan, WStLA, P1: 295/11G;Spittelberg
245;Johannesgasse 63;63;;;;Johannesgasse;Magistrat der Stadt Wien;Spittelberg, Mariahilf;48.2035934;16.3555409;Behsel Stadtplan, WStLA, P1: 295/11G;Spittelberg
246;Johannesgasse 64;64;;;;Johannesgasse;Magistrat der Stadt Wien;Spittelberg, Mariahilf;48.2036476;16.3555328;Behsel Stadtplan, WStLA, P1: 295/11G;Spittelberg
247;Johannesgasse 65;65;;;;Johannesgasse;Magistrat der Stadt Wien;Spittelberg, Mariahilf;48.2036909;16.3555133;Behsel Stadtplan, WStLA, P1: 295/11G;Spittelberg
248;Johannesgasse 66;66;;;;Johannesgasse;Magistrat der Stadt Wien;Spittelberg, Mariahilf;48.2037991;16.3554873;Behsel Stadtplan, WStLA, P1: 295/11G;Spittelberg
249;Johannesgasse 67;67;;;;Johannesgasse;Magistrat der Stadt Wien;Spittelberg, Mariahilf;48.2039474;16.3554434;Behsel Stadtplan, WStLA, P1: 295/11G;Spittelberg
250;Burggasse 68;68;;;;Burggasse;Magistrat der Stadt Wien;Spittelberg, Mariahilf;48.2040741;16.3554174;Behsel Stadtplan, WStLA, P1: 295/11G;Spittelberg
251;Burggasse 69;69;;;;Burggasse;Magistrat der Stadt Wien;Spittelberg, Mariahilf;48.204138;16.3552956;Behsel Stadtplan, WStLA, P1: 295/11G;Spittelberg
252;Burggasse 70;70;;;;Burggasse;Magistrat der Stadt Wien;Spittelberg, Mariahilf;48.2041152;16.3551559;Behsel Stadtplan, WStLA, P1: 295/11G;Spittelberg
253;Fuhrmannsgasse 71;71;;;;Fuhrmannsgasse;Magistrat der Stadt Wien;Spittelberg, Mariahilf;48.2039204;16.3551429;Behsel Stadtplan, WStLA, P1: 295/11G;Spittelberg
254;Fuhrmannsgasse 72;72;;;;Fuhrmannsgasse;Magistrat der Stadt Wien;Spittelberg, Mariahilf;48.2038121;16.3551575;Behsel Stadtplan, WStLA, P1: 295/11G;Spittelberg
255;Fuhrmannsgasse 73;73;;;;Fuhrmannsgasse;Magistrat der Stadt Wien;Spittelberg, Mariahilf;48.203706;16.3551917;Behsel Stadtplan, WStLA, P1: 295/11G;Spittelberg
256;Fuhrmannsgasse 74;74;;;;Fuhrmannsgasse;Magistrat der Stadt Wien;Spittelberg, Mariahilf;48.2036021;16.3552144;Behsel Stadtplan, WStLA, P1: 295/11G;Spittelberg
257;Fuhrmannsgasse 75;75;;;;Fuhrmannsgasse;Magistrat der Stadt Wien;Spittelberg, Mariahilf;48.2034884;16.3552436;Behsel Stadtplan, WStLA, P1: 295/11G;Spittelberg
258;Fuhrmannsgasse 76;76;;;;Fuhrmannsgasse;Magistrat der Stadt Wien;Spittelberg, Mariahilf;48.2034267;16.3552664;Behsel Stadtplan, WStLA, P1: 295/11G;Spittelberg
259;Fuhrmannsgasse 77;77;;;;Fuhrmannsgasse;Magistrat der Stadt Wien;Spittelberg, Mariahilf;48.2033444;16.3552745;Behsel Stadtplan, WStLA, P1: 295/11G;Spittelberg
260;Fuhrmannsgasse 78;78;;;;Fuhrmannsgasse;Magistrat der Stadt Wien;Spittelberg, Mariahilf;48.2032372;16.3553232;Behsel Stadtplan, WStLA, P1: 295/11G;Spittelberg
261;Fuhrmannsgasse 79;79;;;;Fuhrmannsgasse;Magistrat der Stadt Wien;Spittelberg, Mariahilf;48.2031084;16.3553833;Behsel Stadtplan, WStLA, P1: 295/11G;Spittelberg
262;Fuhrmannsgasse 80;80;;;;Fuhrmannsgasse;Magistrat der Stadt Wien;Spittelberg, Mariahilf;48.2030034;16.3554402;Behsel Stadtplan, WStLA, P1: 295/11G;Spittelberg
263;Fuhrmannsgasse 81;81;;;;Fuhrmannsgasse;Magistrat der Stadt Wien;Spittelberg, Mariahilf;48.2029135;16.3554808;Behsel Stadtplan, WStLA, P1: 295/11G;Spittelberg
264;Fuhrmannsgasse 82;82;;;;Fuhrmannsgasse;Magistrat der Stadt Wien;Spittelberg, Mariahilf;48.2026505;16.3555604;Behsel Stadtplan, WStLA, P1: 295/11G;Spittelberg
265;Fuhrmannsgasse 83;83;;;;Fuhrmannsgasse;Magistrat der Stadt Wien;Spittelberg, Mariahilf;48.2026905;16.3553687;Behsel Stadtplan, WStLA, P1: 295/11G;Spittelberg
266;Fuhrmannsgasse 84;84;;;;Fuhrmannsgasse;Magistrat der Stadt Wien;Spittelberg, Mariahilf;48.2033347;16.3551137;Behsel Stadtplan, WStLA, P1: 295/11G;Spittelberg
267;Fuhrmannsgasse 85;85;;;;Fuhrmannsgasse;Magistrat der Stadt Wien;Spittelberg, Mariahilf;48.203444;16.3550828;Behsel Stadtplan, WStLA, P1: 295/11G;Spittelberg
268;Fuhrmannsgasse 86;86;;;;Fuhrmannsgasse;Magistrat der Stadt Wien;Spittelberg, Mariahilf;48.2035458;16.3550601;Behsel Stadtplan, WStLA, P1: 295/11G;Spittelberg
269;Fuhrmannsgasse 87;87;;;;Fuhrmannsgasse;Magistrat der Stadt Wien;Spittelberg, Mariahilf;48.2036573;16.3550308;Behsel Stadtplan, WStLA, P1: 295/11G;Spittelberg
270;Fuhrmannsgasse 88;88;;;;Fuhrmannsgasse;Magistrat der Stadt Wien;Spittelberg, Mariahilf;48.2037677;16.3550065;Behsel Stadtplan, WStLA, P1: 295/11G;Spittelberg
271;Fuhrmannsgasse 89;89;;;;Fuhrmannsgasse;Magistrat der Stadt Wien;Spittelberg, Mariahilf;48.2038359;16.3549902;Behsel Stadtplan, WStLA, P1: 295/11G;Spittelberg
272;Burggasse 90;90;;;;Burggasse;Magistrat der Stadt Wien;Spittelberg, Mariahilf;48.2039951;16.3549464;Behsel Stadtplan, WStLA, P1: 295/11G;Spittelberg
273;Burggasse 91;91;;;;Burggasse;Magistrat der Stadt Wien;Spittelberg, Mariahilf;48.2039399;16.35455;Behsel Stadtplan, WStLA, P1: 295/11G;Spittelberg
274;Herrngasse 92;92;;;;Herrngasse;Magistrat der Stadt Wien;Spittelberg, Mariahilf;48.203811;16.3545728;Behsel Stadtplan, WStLA, P1: 295/11G;Spittelberg
275;Herrngasse 93;93;;;;Herrngasse;Magistrat der Stadt Wien;Spittelberg, Mariahilf;48.2036984;16.3545923;Behsel Stadtplan, WStLA, P1: 295/11G;Spittelberg
276;Herrngasse 94;94;;;;Herrngasse;Magistrat der Stadt Wien;Spittelberg, Mariahilf;48.2035848;16.354628;Behsel Stadtplan, WStLA, P1: 295/11G;Spittelberg
277;Herrngasse 95;95;;;;Herrngasse;Magistrat der Stadt Wien;Spittelberg, Mariahilf;48.2034299;16.3546719;Behsel Stadtplan, WStLA, P1: 295/11G;Spittelberg
278;Herrngasse 96;96;;;;Herrngasse;Magistrat der Stadt Wien;Spittelberg, Mariahilf;48.2032611;16.3547271;Behsel Stadtplan, WStLA, P1: 295/11G;Spittelberg
279;Herrngasse 97;97;;;;Herrngasse;Magistrat der Stadt Wien;Spittelberg, Mariahilf;48.2030933;16.3547693;Behsel Stadtplan, WStLA, P1: 295/11G;Spittelberg
280;Herrngasse 98;98;;;;Herrngasse;Magistrat der Stadt Wien;Spittelberg, Mariahilf;48.2029958;16.3547953;Behsel Stadtplan, WStLA, P1: 295/11G;Spittelberg
281;Pelikangasse 99;99;;;;Pelikangasse;Magistrat der Stadt Wien;Spittelberg, Mariahilf;48.2027793;16.3544575;Behsel Stadtplan, WStLA, P1: 295/11G;Spittelberg
282;Stifgasse 100;100;;;;Stifgasse;Magistrat der Stadt Wien;Spittelberg, Mariahilf;48.2025638;16.3545305;Behsel Stadtplan, WStLA, P1: 295/11G;Spittelberg
283;Pelikangasse 101;101;;;;Pelikangasse;Magistrat der Stadt Wien;Spittelberg, Mariahilf;48.203155;16.3545387;Behsel Stadtplan, WStLA, P1: 295/11G;Spittelberg
284;Pelikangasse 102;102;;;;Pelikangasse;Magistrat der Stadt Wien;Spittelberg, Mariahilf;48.2033931;16.3544607;Behsel Stadtplan, WStLA, P1: 295/11G;Spittelberg
285;Pelikangasse 103;103;;;;Pelikangasse;Magistrat der Stadt Wien;Spittelberg, Mariahilf;48.2035566;16.3544298;Behsel Stadtplan, WStLA, P1: 295/11G;Spittelberg
286;Pelikangasse 104;104;;;;Pelikangasse;Magistrat der Stadt Wien;Spittelberg, Mariahilf;48.2037363;16.3543925;Behsel Stadtplan, WStLA, P1: 295/11G;Spittelberg
287;Herrngasse 105;105;;;;Herrngasse;Magistrat der Stadt Wien;Spittelberg, Mariahilf;48.2038511;16.3543535;Behsel Stadtplan, WStLA, P1: 295/11G;Spittelberg
288;Herrngasse 106;106;;;;Herrngasse;Magistrat der Stadt Wien;Spittelberg, Mariahilf;48.2039474;16.3543389;Behsel Stadtplan, WStLA, P1: 295/11G;Spittelberg
289;Burggasse 107;107;;;;Burggasse;Magistrat der Stadt Wien;Spittelberg, Mariahilf;48.2040979;16.3545663;Behsel Stadtplan, WStLA, P1: 295/11G;Spittelberg
290;Burggasse 108;108;;;;Burggasse;Magistrat der Stadt Wien;Spittelberg, Mariahilf;48.2041304;16.3547433;Behsel Stadtplan, WStLA, P1: 295/11G;Spittelberg
291;Kandlgasse 109;109;;;;Kandlgasse;Magistrat der Stadt Wien;Spittelberg, Mariahilf;48.2041943;16.3548002;Behsel Stadtplan, WStLA, P1: 295/11G;Spittelberg
292;Kandlgasse 110;110;;;;Kandlgasse;Magistrat der Stadt Wien;Spittelberg, Mariahilf;48.2043004;16.3547921;Behsel Stadtplan, WStLA, P1: 295/11G;Spittelberg
293;Faﬂziehergasse 111;111;;;;Faﬂziehergasse;Magistrat der Stadt Wien;Spittelberg, Mariahilf;48.2044508;16.3544851;Behsel Stadtplan, WStLA, P1: 295/11G;Spittelberg
294;Faﬂziehergasse 112;112;;;;Faﬂziehergasse;Magistrat der Stadt Wien;Spittelberg, Mariahilf;48.2045429;16.3544753;Behsel Stadtplan, WStLA, P1: 295/11G;Spittelberg
295;Faﬂziehergasse 113;113;;;;Faﬂziehergasse;Magistrat der Stadt Wien;Spittelberg, Mariahilf;48.2046078;16.3544591;Behsel Stadtplan, WStLA, P1: 295/11G;Spittelberg
296;Faﬂziehergasse 114;114;;;;Faﬂziehergasse;Magistrat der Stadt Wien;Spittelberg, Mariahilf;48.2047323;16.3544445;Behsel Stadtplan, WStLA, P1: 295/11G;Spittelberg
297;Faﬂziehergasse 115;115;;;;Faﬂziehergasse;Magistrat der Stadt Wien;Spittelberg, Mariahilf;48.2048503;16.3544266;Behsel Stadtplan, WStLA, P1: 295/11G;Spittelberg
298;Faﬂziehergasse 116;116;;;;Faﬂziehergasse;Magistrat der Stadt Wien;Spittelberg, Mariahilf;48.2049348;16.3544363;Behsel Stadtplan, WStLA, P1: 295/11G;Spittelberg
299;Faﬂziehergasse 117;117;;;;Faﬂziehergasse;Magistrat der Stadt Wien;Spittelberg, Mariahilf;48.2050322;16.354451;Behsel Stadtplan, WStLA, P1: 295/11G;Spittelberg
300;Faﬂziehergasse 118;118;;;;Faﬂziehergasse;Magistrat der Stadt Wien;Spittelberg, Mariahilf;48.205135;16.3543844;Behsel Stadtplan, WStLA, P1: 295/11G;Spittelberg
301;Faﬂziehergasse 119;119;;;;Faﬂziehergasse;Magistrat der Stadt Wien;Spittelberg, Mariahilf;48.2051491;16.3548424;Behsel Stadtplan, WStLA, P1: 295/11G;Spittelberg
302;Kandlgasse 120;120;;;;Kandlgasse;Magistrat der Stadt Wien;Spittelberg, Mariahilf;48.2052455;16.3548343;Behsel Stadtplan, WStLA, P1: 295/11G;Spittelberg
303;Platzel Hauptstraﬂe 121;121;;;;Platzel Hauptstraﬂe;Magistrat der Stadt Wien;Spittelberg, Mariahilf;48.2052985;16.3545712;Behsel Stadtplan, WStLA, P1: 295/11G;Spittelberg
304;Kandlgasse 122;122;;;;Kandlgasse;Magistrat der Stadt Wien;Spittelberg, Mariahilf;48.2049044;16.3547612;Behsel Stadtplan, WStLA, P1: 295/11G;Spittelberg
305;Kandlgasse 123;123;;;;Kandlgasse;Magistrat der Stadt Wien;Spittelberg, Mariahilf;48.2047518;16.354771;Behsel Stadtplan, WStLA, P1: 295/11G;Spittelberg
306;Kandlgasse 124;124;;;;Kandlgasse;Magistrat der Stadt Wien;Spittelberg, Mariahilf;48.2046338;16.3547774;Behsel Stadtplan, WStLA, P1: 295/11G;Spittelberg
307;Kandlgasse 125;125;;;;Kandlgasse;Magistrat der Stadt Wien;Spittelberg, Mariahilf;48.2045061;16.3548067;Behsel Stadtplan, WStLA, P1: 295/11G;Spittelberg
308;Kandlgasse 126;126;;;;Kandlgasse;Magistrat der Stadt Wien;Spittelberg, Mariahilf;48.2044303;16.3552713;Behsel Stadtplan, WStLA, P1: 295/11G;Spittelberg
309;Kandlgasse 127;127;;;;Kandlgasse;Magistrat der Stadt Wien;Spittelberg, Mariahilf;48.2045223;16.3549805;Behsel Stadtplan, WStLA, P1: 295/11G;Spittelberg
310;Kandlgasse 128;128;;;;Kandlgasse;Magistrat der Stadt Wien;Spittelberg, Mariahilf;48.2046847;16.3549513;Behsel Stadtplan, WStLA, P1: 295/11G;Spittelberg
311;Kandlgasse 129;129;;;;Kandlgasse;Magistrat der Stadt Wien;Spittelberg, Mariahilf;48.2048893;16.3549058;Behsel Stadtplan, WStLA, P1: 295/11G;Spittelberg
312;Platzel Hauptstraﬂe 130;130;;;;Platzel Hauptstraﬂe;Magistrat der Stadt Wien;Spittelberg, Mariahilf;48.2053613;16.3550958;Behsel Stadtplan, WStLA, P1: 295/11G;Spittelberg
313;Platzel Hauptstraﬂe 131;131;;;;Platzel Hauptstraﬂe;Magistrat der Stadt Wien;Spittelberg, Mariahilf;48.2053775;16.3553314;Behsel Stadtplan, WStLA, P1: 295/11G;Spittelberg
314;Platzel Hauptstraﬂe 132;132;;;;Platzel Hauptstraﬂe;Magistrat der Stadt Wien;Spittelberg, Mariahilf;48.2053992;16.3555848;Behsel Stadtplan, WStLA, P1: 295/11G;Spittelberg
315;Platzel Hauptstraﬂe 133;133;;;;Platzel Hauptstraﬂe;Magistrat der Stadt Wien;Spittelberg, Mariahilf;48.2054176;16.3558333;Behsel Stadtplan, WStLA, P1: 295/11G;Spittelberg
316;Am Glacis 134;134;;;;Am Glacis;Magistrat der Stadt Wien;Spittelberg, Mariahilf;48.2051524;16.3563076;Behsel Stadtplan, WStLA, P1: 295/11G;Spittelberg
317;Am Glacis 135;135;;;;Am Glacis;Magistrat der Stadt Wien;Spittelberg, Mariahilf;48.2047561;16.3566049;Behsel Stadtplan, WStLA, P1: 295/11G;Spittelberg
318;Am Glacis 136;136;;;;Am Glacis;Magistrat der Stadt Wien;Spittelberg, Mariahilf;48.2043123;16.3555653;Behsel Stadtplan, WStLA, P1: 295/11G;Spittelberg
319;Am Glacis 137;137;;;;Am Glacis;Magistrat der Stadt Wien;Spittelberg, Mariahilf;48.2042668;16.3553265;Behsel Stadtplan, WStLA, P1: 295/11G;Spittelberg
320;Kirchberggasse 138;138;;;;Kirchberggasse;Magistrat der Stadt Wien;Spittelberg, Mariahilf;48.2042224;16.3550585;Behsel Stadtplan, WStLA, P1: 295/11G;Spittelberg
321;Kirchberggasse 139;139;;;Kirchbergische Stiftung;Kirchberggasse;Magistrat der Stadt Wien;Spittelberg, Mariahilf;48.2045147;16.3557813;Behsel Stadtplan, WStLA, P1: 295/11G;Spittelberg
322;Kirchberggasse 140;140;;;;Kirchberggasse;Magistrat der Stadt Wien;Spittelberg, Mariahilf;48.2047128;16.3556871;Behsel Stadtplan, WStLA, P1: 295/11G;Spittelberg
323;Kirchberggasse 141;141;;;;Kirchberggasse;Magistrat der Stadt Wien;Spittelberg, Mariahilf;48.2049174;16.3556124;Behsel Stadtplan, WStLA, P1: 295/11G;Spittelberg
324;Kirchberggasse 142;142;;;;Kirchberggasse;Magistrat der Stadt Wien;Spittelberg, Mariahilf;48.2051827;16.3553817;Behsel Stadtplan, WStLA, P1: 295/11G;Spittelberg
325;Kirchberggasse 143;143;;;;Kirchberggasse;Magistrat der Stadt Wien;Spittelberg, Mariahilf;48.2050203;16.3550877;Behsel Stadtplan, WStLA, P1: 295/11G;Spittelberg
326;Kirchberggasse 144;144;;;;Kirchberggasse;Magistrat der Stadt Wien;Spittelberg, Mariahilf;48.2049976;16.3553655;Behsel Stadtplan, WStLA, P1: 295/11G;Spittelberg
327;Kirchberggasse 145;145;;;;Kirchberggasse;Magistrat der Stadt Wien;Spittelberg, Mariahilf;48.2047821;16.3554613;Behsel Stadtplan, WStLA, P1: 295/11G;Spittelberg
328;Kirchberggasse 146;146;;;;Kirchberggasse;Magistrat der Stadt Wien;Spittelberg, Mariahilf;48.2046089;16.355536;Behsel Stadtplan, WStLA, P1: 295/11G;Spittelberg
